"AAPL.csv","AMZN.csv","FB.csv","WWE.csv","NASDAQ.csv","S&P.csv"
-0.00400755710768872,0.00339455998708796,0.00173706706175356,0.0124542129104107,0.000986552547972113,0.000983634338303797
-0.0151175719951715,0.00679253053227477,-0.00391562893291649,-0.00651230124863607,-0.00291967277049123,-0.00230960941364044
-0.0131901252057926,-0.00892827953235409,-0.000673948420746722,-0.00291332858387935,-0.00469883738484667,-0.00552567572366809
0.011947054648687,0.00940817665469855,0.00921606646613215,0.000365230108299055,0.012984991300066,0.00819605830144866
-0.00555240184442309,-0.00651551824591334,-0.00328523867220317,0.00547652447888007,-0.00154564282398071,-0.00262596311976075
-0.000999094963225138,-0.00315957976440168,-0.00145248603351957,0.00181550465448421,0.00116764958880649,0.00127568291098095
0.0185904463722895,0.0117018674340012,0.0174554991200768,0.00543675244653855,0.0105688535384644,0.0065411390164367
0.0105117708213007,0.0146293904696784,-0.00544378090045222,-0.00648886085075693,0.000711096136414464,-0.000750261050562127
5.71101940050843e-05,0.0258095463625064,0.0105600931763171,0.0203193766443895,0.00317447948482443,0.00205609524528496
-0.00502945647825333,0.00828832715008435,0.00136776453314238,-0.0206258883134463,-0.00154447505342623,-0.000384257740861238
-0.00585896963315464,-0.001864796904285,-0.00333279245660713,0.0170660487630339,0.00491964011176924,0.00984851264624087
-0.0207431203215753,-0.0270860896867177,-0.0399626854507475,0.00035701535166005,-0.0127264389793821,-0.00036922581521415
0.0139840220435219,0.0133302158269789,0.0117055212783211,0.0167737330478229,0.00726512948478578,0.00819095052417313
-0.00465524563723035,-0.0122371140854047,-0.011739401073348,0.00947700947700959,-0.00383771971290105,-0.00202453064386594
-0.00730780456456464,-0.0244332822182636,-0.0207310386956812,0.0118219749652295,-0.0105467366833135,-0.0010521569099138
-0.000942308576153007,0.00671986889128585,0.00793142235999644,-0.0113402061855671,-0.00194235233983467,-0.00373938154329085
-0.00371377033718454,0.00944316205745653,0.0186888616711351,0.0264164407368787,0.00209545726644438,-0.000114105345071969
0.00183428203856061,0.00645642656740942,0.023173923925638,0.0209955631223988,0.00538044820826354,0.0029323576282972
0.000295227956757389,0.00190548368729352,-0.00632840571959806,0.00597014925373133,0.00399836699874724,0.00550630649839061
0.0194839940835802,0.00595528743545608,0.000223424581005641,0.0121991757335972,0.00511689915920309,0.00320195738261363
-0.00561767533445294,-0.00328515882648337,-0.0116174378983584,-0.00521172621460176,-0.00185601532712792,0.00154892199425154
0.0033197904093137,-0.000815352624605667,0.00757230982704478,0.0438768158521017,0.00196434753053263,-0.000472956803357858
-0.00029026527450479,0.00870178155059235,0.000504744803621709,0.00407776047922716,-0.00280258596039795,-0.00407085926772282
0.010161421437696,0.00415581298727867,0.0100341611639339,0.0124961582315623,0.011675044885698,0.00897434357723256
0.0140828878542277,0.00970193603344052,0.0035520813900798,0.0157358222770751,0.00838737351054627,0.00536280703173789
-0.0106564335109397,-0.00268772456975586,-0.00724483989208119,-0.00607524338245696,-0.00441897492323402,-0.00323026930898675
-0.00108848406501594,-0.00821978638590934,-0.00902454484498211,-0.0198655556275809,-0.000415019990282439,-0.000827893291369619
0.00378541995822563,-0.0024286145039513,-0.00247344989866458,-0.00623632678515752,0.000632082647314643,0.0019856556872259
0,-0.00544794251210502,-0.00140884758651193,-0.0727957931347413,-0.00077525097140844,-0.000458166473157619
-0.0253699108706911,0.0071895863499638,-0.00682839740680131,0.00135367178861834,-0.00340662318933699,-0.00105841522388493
0.000175880861774956,0.00467385019312476,0.00926183279556127,0.0236566745522136,0.000445463182555428,0.00079094086924079
0.00281355203687921,0.00324798772479837,0.00168901592413627,0.00165067673652436,0.00155927108964918,0.00183399877188054
-0.0108136778115502,-0.0140207447403236,-0.00820588475950861,0.00791034937376396,-0.00672934406549229,-0.00518315329180478
0.0179046272624151,0.0167084572366501,0.0281083010497671,0.0271419228253761,0.0149940482785726,0.00830336178857059
-0.000174155350613158,0.0127752843729214,0.017914232365938,-0.020375676536135,0.00836744977379579,0.00639881876781735
0.00464497485095454,0.0044760133028771,-0.00184110036108835,0.00357487812804686,0.00175222118888855,0.00402863584377441
0.0113853089059701,0.0161625423073326,0.0136711548454277,0.0055051815254268,0.00828633052798536,0.00703376740382224
-0.00371423999999999,0.0144247032751595,0.00765316004324879,0.00805153004996876,0.00291878409594983,0.0016623440799481
-0.000114757666085051,0.00467567270315141,-0.0021776290746635,0.00926520796374467,0.000864832135948667,0.00130293155056912
-0.000229495783858201,0.00130119347310486,-0.000159679569906707,0.00886359607470714,-0.00139738146164405,-0.00111222697593604
0.00568023435332987,0.0178183562411866,-0.000372614999416915,-0.0021964856543305,0.00813719058206533,0.00703364679836578
0.0103263121862164,0.0223391106570857,-0.044735627741692,0.0119497173569094,0.00683330266163981,0.006749602755414
-0.00508211655276126,-0.000260470435766975,-0.00546354478071987,-0.00901183965195774,-0.00514664769280911,-0.00352448749398647
0.0165162831825579,-0.00755635479158329,-0.00442846014030182,0.0291627792148881,0.0103257261329345,0.00941505166162681
0.000893288625648741,-0.00129733899613894,0.0123873700770032,0.0115783363802559,-0.000305548713627463,-0.001616389980815
-0.00446272463377726,0.000974244620518646,0.00828692978386661,0.0195782223018607,0.00552765936059834,0.00438523528083262
-0.00818114947075419,0.0252824113708121,0.0225053900244785,-0.0112259090827715,0.00976638384907366,0.00806672654333361
0.000225943502824928,0.0265423890681145,0.0214706322886831,-0.00358538979428187,0.00705454156054,0.00217436544088242
-0.0159285592376214,-0.00369165591911095,-0.0147874460590194,0.00419802124126057,-0.00606276428443831,-0.000559975790300991
-0.0178509929973596,0.0150569357495935,0.00498522104017332,0.0191101511430188,-0.000525943548530933,0.000602620923933338
0.00233765414061123,0.0174898210072943,0.0134414553753244,0.00644585389845138,0.0127658641843551,0.0118411964427225
-0.0206984320610678,0.0111479650895116,-0.0211579157894737,-0.00349339176089625,-0.00523067638568545,-0.00673197437139826
-0.00589430788786334,0.0142062321771229,0.00612968611957594,0.0271691498685364,-0.00857559797103198,-0.0108988153914395
0.00275493801281667,0.00909019869724347,-0.00122913641591322,0.00540381114903307,0.00121580875926935,0.000488985389629117
0.00209047373065635,-0.0419673540864501,0.0331745788066488,0.00254599731519082,-0.00345681524731048,-0.000648088561823429
-0.0433901537727977,0.0287409719424461,-0.0145527839774776,-0.0259593404616066,-0.0196198778054177,-0.0212085476949415
-0.0249843987538941,-0.0279380064820185,-0.047403847211498,-0.011587514484357,-0.0377602942482331,-0.0409792250164074
0.0417917811542774,0.038014364028777,0.0223436120032995,0.0128957213627116,0.0212916345645733,0.0174409209076137
-0.0214071520579034,-0.0180615574936188,-0.0276833687084709,-0.0164930261431417,-0.00897990186043723,-0.00500158861327053
-0.0275166116342792,-0.0467821592931277,-0.0477299996343101,-0.00441312124665346,-0.0389705904979044,-0.0375364197188327
0.00812125082159198,-0.00807110255460943,0.026401672381377,0.0295508274231678,0.0143614841260363,0.0149360902750872
0.0402787790990658,0.034808901788156,0.00170349780419327,0.0149254018369688,0.0156331194520393,0.0139145846875171
0.0100177488775001,0.0204006769497222,-0.0184797342898989,0.00169674768957169,0.00451876051656443,0.00261292959337353
0.0184373863560272,0.0258322943928831,0.0367889703767475,0.0183512715048714,0.0185513894385301,0.0134024584822583
0.0335783481765753,0.0073808350079867,0.00245099704877452,0.00942611588577755,0.0157917214454811,0.0120691126282915
-0.00323725063327937,-0.00894132341190527,-0.014447687813215,0.00192254875034332,-0.00233723202575464,0.000373469543900095
-0.00336359117849983,0.0135709059914014,-0.00761167113435011,-0.00246713267543843,-0.000712780886826249,-0.00584138948159384
-0.00453884180209058,0.0099227488256519,0.0107948926423183,-0.0236328668214585,-0.00222275225541315,-0.00549650326001008
0.00835910406925332,0.00163186276279103,0.00607049056105923,0.0121024489755828,-0.00112771912540254,0.000973551148531677
0.0173913043478261,0.00986981723751719,0.0240236207602766,0.0289210519722205,0.0176558539150431,0.0160283763905925
0.0197720797720798,0.0146333006666667,0.00894756976721575,0.0345945675675675,0.0114577284879624,0.0117570154056369
-0.00324076660892894,-0.00655078768749866,-0.0187637816003162,-0.0381399957716821,-0.0122765417422966,-0.0127068886727316
-0.00151356017713998,0.000310831496591633,-0.0173040883879167,0.0361217273221076,-0.00782231833860765,-0.0110957885777771
-0.0175162590953572,-0.0125623991639774,-0.0133468197990818,-0.00760159855299624,-0.0127113409681072,-0.0133243994504802
0.00691433142857136,0.00455324866792268,0.00386491413135255,0.00871627023992956,0.0107665777271929,0.00507160269771293
0.00346177840250716,0.0155707282119647,0.0214018746858191,0.00392775605990467,0.0100359806425011,0.0110320263817929
-0.000848365531122552,0.00920841300472305,-0.00343677949346267,0.00182576943140306,0.00563380698727941,0.00263885868695837
-0.00928284371992974,0.00478654621901216,0.0218600957940821,0.00234313980734193,0.00334239058033282,-0.000483874588869502
0.010912437867794,0.00444011974110036,-0.00745746528658059,-0.0153246753246754,0.00423168507563632,0.0044630782533773
0.0171809196975039,0.0174178278074487,0.0158495122485359,0.00817728831442909,0.0178864774954243,0.0173788312774459
0.00966776329965025,0.0123504486156371,-0.00253739140608736,-0.0102040552013592,0.00363846793998661,-0.00127398483202256
-0.00963020030816641,-0.00638765314108899,-0.0155877358624089,-0.0124240278919362,-0.0101880336877061,-0.00636357657247468
-0.00850139467689066,0.00177558331178996,0.0127006649246572,-0.000535358658046971,-0.00189051904369469,-0.00572452226414146
0.00117679889762841,-0.00545572218730354,-0.00179163361972265,-0.00642747723620793,-0.00201016497435586,-0.000781930407072872
-0.00352638135018779,-0.00672423552954451,0.0066898454982604,-0.00323444761371692,3.34146859127641e-05,0.00170344729869769
-0.0152791817710553,-0.0170200034873001,-0.0676967868106713,-0.0135208220659816,-0.0184108767442692,-0.0142041954273269
-0.000342270385801031,0.0269138113355649,-0.0255563517102035,0.000274177631578949,0.00273133372014908,0.00148180525617448
-0.0226546445410946,-0.00293097740996914,0.00737439812219081,-0.0052069879305569,-0.00258134058951436,-0.0018439896018298
-0.0141297129881541,-0.0233522191282941,-0.026565913138709,-0.0110192014054876,-0.0243162437496228,-0.0251628886848393
-0.0231566705048662,-0.0319498638079681,-0.0333555705825433,-0.0022284678424252,-0.0242804547889176,-0.0209668804727657
0.0474718067789062,0.0403192941915816,0.00420351969510972,0.0301508096035734,0.0325869974618831,0.0271572557349059
-0.0256410713517144,-0.037798989990735,-0.0489816137571113,-0.0195122482649188,-0.0293232886815102,-0.017276308947908
-0.0110490676262105,-0.0438395530221849,0.00532123239179329,-0.00165840243228302,-0.00850074099575485,-0.00291665709469845
0.00780877000982149,0.011121768251556,0.0441743059803588,-0.00304543197800191,0.0164363843661424,0.0137697186180422
-0.00655625223506975,-0.0520610069300055,-0.0275361048423102,-0.0297139422223795,-0.0273704878866212,-0.0223374234197523
0.0102592277542225,0.0146211409312104,0.00463351570006782,0.0160275047517889,0.0103578491770349,0.0126148657086849
0.0191222756695767,0.0133040453633863,-0.00646976486791518,0.016901352112676,0.0145261509581983,0.0115664826509429
0.0069343511450381,0.0291939113808398,0.0273371362732249,0.0265928823597165,0.00489057152898894,0.00686286385357407
-0.025578703111604,-0.0320440985018081,-0.0134303944629195,0.0124122770530957,-0.0228133690072997,-0.0219202487085285
0.00991804228725394,0.000604866115936389,0.00464374054663627,-0.0130597281449895,0.00509463793026659,0.00333654873995861
0.0188179707423,0.0214354915390032,0.0450199475409336,0.0445584943169997,0.0207126506374038,0.0167269537540647
-0.00467530158730166,-0.00638476151645161,0.00775578074582198,-0.0043950879007238,-0.00356201749215474,-0.00552536456564762
0.00985847808261474,0.0150309731708646,-0.0147307112607325,0.000259724760307702,0.0100749632079815,0.00825075013030637
0.00338805558745844,-0.0122264142216086,0.00396661390024459,0.00441326583592931,-0.00470573131192884,-0.00288662533600589
0.00623826489413988,0.00748534775059335,0.00188425718735095,0.0204187392199208,0.00698358350057915,0.00810903836263114
0.0137640535200067,0.043239650364204,0.023236073248364,-0.0131712512664639,0.0174420672123009,0.010661504817983
-0.0022442100034961,0.0159659075178045,-0.0136369201082195,-0.00153996410523529,0.00194203290844526,0.000831365800552079
-0.0283400366248322,0.019026906382157,0.0104592750032503,0,-0.00783801124649838,-0.00572612477578981
-0.0409722444219388,-0.0188964316225866,-0.0108269300121263,0.0110539840075072,-0.0127009413089481,-0.00853653221299169
-0.00289642770938933,-0.00630446357294949,-0.00264615710034969,-0.00457665880617041,-0.00245304595452449,5.62315107135661e-05
-0.0139191475691323,-0.0380601765452036,-0.037083901039168,-0.0183908547437622,-0.0170089496300989,-0.0133805614664168
0.00435735842991639,5.48445656532631e-05,0,0.0286234452250845,-0.000515153938295494,0.00183705927806302
0.00348309213482883,0.0395775253967613,0.0906130741985963,0.0197319003220821,0.0164112228837412,0.0104342047520467
-0.0115697966142979,0.0360088773118832,-0.00327289840898243,-0.000248127009473408,0.00015728041888643,0.00111362500307613
0.0181122958052097,-0.0041268647356859,-0.00915949096513611,-0.0126550375348645,-0.00751843962837375,-0.00818749085942947
0.0232361859672319,0.0102992758892963,0.0108139593023256,-0.000502663973293026,0.00911798938020209,0.00254904547689688
0.0441750422625645,-0.00795062500505213,0.0127114114073886,0.000251420668845698,-0.00417915382572051,-0.00720586358554791
0.00181226700742963,0.00152891157270201,-0.0116431130714955,0.0404726003135396,-0.001795547068113,-0.00225367446447643
0.0392334219006163,0.00564220348090235,0.0148833291602499,-0.00918098596716564,0.0171370832557768,0.0128111791918652
0.00723496708915832,0.012138312150781,0.0077005831623317,0.0258474043329628,0.00771050944403028,0.00345794552482138
0.00480665360106611,-0.00484332616355451,0.00533796142418405,-0.000237675303066331,0.000232607317485968,-0.000265641346194594
0.00704109632806034,0.00980286541171263,0.0209032307277356,0.0126010220494289,0.0100469601872328,0.00968222018444157
0.0143039709649872,0.00067161442786072,0.0157122245546432,0.0115050950927447,0.00886387675288056,0.0093706436136782
-0.00762995191033264,-0.00383444090332081,0.00786937965757221,0.00998133658396772,-0.000282287698573906,0.00170759579587873
-0.00233312481750101,-0.000854692385062465,-0.00187178988524016,0.00137903936469952,0.00114008887532838,0.00088348951711366
-0.0090884298310255,-0.0158722500724192,-0.0124303043957902,0.00183617167775993,-0.00805388816263295,-0.00684214041109047
0.00933269664594092,0.00708070073053035,-0.00607644291159346,-0.00137461620276666,0.00634824151143955,0.00406056176546405
-0.00632366909655305,-0.00347765920262835,0.00305675769197751,0.154163821977518,-0.00213962537572501,-0.000855872274846637
-0.00363660080995552,-0.0046720203781103,-0.00587724221477045,0.0220631480408836,-0.00381042797068707,-0.00263219489802579
0.00708500900831967,0.00704406590269145,0.0099081019780858,0.125243159286004,0.00539819968102093,0.00738675297338924
-0.00250492986185742,-0.00256073133341019,-0.00374005084990915,-0.017110300430171,-0.00210711301505313,-0.00313576202379144
0.00641160490678354,0.0129378782657714,0.0168661096267773,0.00597854766974769,0.00643765775664145,0.00324841001881344
-0.00111492885963058,0.000755347540565489,-0.00518994666206354,0.0274427552428378,-0.000206005015921701,-0.00202321338792982
0.00228545319310997,0.00441657459655223,-0.00543212519778884,-0.0119087616860966,0.00126877373437366,-0.00235722056794872
-0.00360593912397929,0.00168926557119375,0.00443438789135183,0.0191115179369312,-0.00501224177361665,-0.0115641874002761
-0.00212874942538581,0.0074525659459614,0.0103908309898021,-0.00388579158448705,0.00890415074906785,0.0126957914692773
-0.00336002133333341,0.00291095394539677,0.0219001494314505,-0.0181478971870403,-0.00272431674165431,-0.00687955988825461
0.0180339705256911,0.00731461569971714,0.011523652161454,0.0183106239127763,0.015077687437976,0.010849230126019
0.00835784254924644,0.0144559257990782,-0.00366001330841758,0.0388464963724088,0.0069006625950611,0.00447959843630449
0.00771514361674399,0.0186636134841364,-0.00175909044784303,0.00424555831987078,0.00412805722517365,0.000702593103349126
0.00346593561566256,-0.000353686449428741,-0.00829276450406577,0.0188617886178861,0.00672706385317457,0.00856739252772036
-0.00268062692402577,-0.00380359781807463,-0.0165151200274929,-0.0105330354293009,-0.00704496261678377,-0.000714188659443961
-0.00909754950490847,-0.00314334863314736,0.00488900538964316,-0.00354840322580651,0.00136736693188884,0.00312590435005767
-0.00245174757332806,0.00304633936689848,0.0129031566503493,0.00485598907180306,0.00188612799425462,0.00106870777537755
0.00549079130870243,0.00570119649788409,0.00448992916064262,-0.00128869196879215,0.0057258828725909,0.00174338533429184
-0.00821720407738716,0.0035967534952171,5.20270286494608e-05,-0.00483869354838709,-0.00105011221217683,-0.00402612792415784
0.0005244258106854,0.011144610212668,0.0228678026533382,0.00470017820583174,0.00849043522283421,0.00247154962627269
-0.0102725784009941,-0.00457694596350878,-0.00487776032597693,0.010969446331039,-0.00188894219413018,-0.00101710267069099
-0.000529506471711716,0.00455722893299978,0.0125605919052155,0.0201053461019737,8.38975121045082e-05,-0.00212612772321051
-0.016159796203035,0.00637548062777733,-0.00413490498850195,0.0345690442671673,-0.00276750465597954,-0.00402340225326727
0.00436208725591935,0.00881951990698183,0.0228365734255767,0.023586302140706,0.00723827217457443,0.00171215411962344
-0.00557636461126012,-0.0113480443747223,-0.00247524752475248,-0.0171343582186568,-0.00881057443371199,-0.00634551030184631
-0.00291172207864889,-0.0084092931788267,0.00119109181141437,0.00901710235922598,-0.00260994437809931,0.00186193448933025
-0.0148712956954359,-0.0306119583912254,-0.0267175516328553,-0.0101280907078954,-0.0209039158174882,-0.0137246691709934
0.01240595048581,0.0167994117168109,0.0134962766438621,0.00240752335852429,0.00393256486916768,0.00220457730205282
-0.00146390506810851,-0.018082985893608,-0.0158794170854271,0.0634943682004938,-0.0154133178697394,-0.00860435520787015
0.00727625961606742,0.0246550401704595,0.00199142160930184,0.0494001425377598,0.00787098290227415,0.00617868994006829
-0.00210242587601071,-0.000969703516127764,-0.00973342016477438,-0.020578319316162,0.000882184320857948,0.00075840311129961
0.0111824968937388,0.00822448499647035,0.015644266624589,0.0269156687723154,0.00764152397242416,0.00306795750433129
-0.0174163486447847,-0.0115651178474551,-0.0234596928280316,-0.00989566742304984,-0.00859179214620516,-0.00494735054074203
0.00804693344932585,0.00340623104019166,0.0296788311042148,0.0179632898708361,0.0111640595775632,0.0086208034180801
0.0138619639206888,0.00641279799041958,0.0240866670307886,0.0173808802953081,0.0134397811137253,0.00848128161941339
0.0138851944459223,0.0165962335028725,0.00743004984362641,-0.0209963484611374,0.00881979930670628,0.00882298606432195
-0.00120680029383991,0.00232885530553015,-0.00586115058461578,-0.0013320767283868,0.000386787334593805,0.00347326717510595
-0.0129761171326034,0.00684427726344375,-0.00491303937501855,-0.00480192070425609,-0.00548901058480818,-0.00709420273734722
0.016765999217245,0.0237150968660969,0.0216253833878625,-0.000938212023345144,0.0139063735118366,0.00874904248167612
0.0015704339632519,0.00913383689687813,0.00193315776080769,0.0316608662240291,0.000263302541505745,0.00107923766225433
-0.00219513928814104,0.00521776299823218,-0.000434164561840884,0.0323796740603466,-0.00258878313665195,-0.00102813574339859
0.00282851599542166,0.0117641600873758,0.0133185786482378,0.0143594913006612,0.0063286795631068,0.00397369856319845
-0.00548448170247024,-0.000547748542743783,-0.00300016184103613,-0.000124202162227769,-8.65901462828969e-05,0.00216051249991453
0.00777317259551154,-0.0162514228967819,-0.00606613008183926,0.0198709147989659,-0.00371002085685182,-0.00395299313739059
-0.00229309980627281,0.000402643183106572,0.00889041297304835,0.0097417799655951,-0.000651682379854749,-0.000948447671228834
0.000887985773339338,-0.00645087462981359,0.00462037720662684,-0.00482393885248289,0.00277101883067586,0.00183804936653268
0.0072543186681279,0.0151165316315206,0.0178274805779246,-0.0180562052129013,-0.000140285031961396,0.00478091119125119
0.00943009326424871,0.0187892213093373,0.0131830345477527,0.00308527709595554,0.0116659733376544,0.00910160505316876
-0.0031310952415114,-0.0298399265123062,-0.189609218390805,0.0314960264701774,-0.0100929946192046,-0.00303229604113875
-0.0166315424898185,0.0051272234513274,-0.00777258617305654,-0.0249283885939117,-0.0146150815987083,-0.00656220867654308
-0.00560263913713776,-0.0209380271402925,-0.0218994855160356,-0.0397553516819572,-0.0138831707575506,-0.00575417004587613
0.00200088458741766,-0.00100045527198047,0.00888579456197585,0.00777071337579614,0.0054770693315859,0.0048847286524287
0.0589101291254455,0.0111002923614396,-0.0053888514846582,-0.0190873844130023,0.00462734248715536,-0.00104035165392282
0.0292307692307692,0.0206769037376633,0.0274978221088665,0.0154639823573192,0.0123778788027,0.00492644505959792
0.00289311924393661,-0.00601850117744032,0.00799457980366794,-0.00329951764088131,0.0011944374402254,0.0046441830259694
0.00519257646631904,0.0134152880105764,0.0444932109601372,0.0220269414053101,0.00610219539246794,0.00353822720906014
-0.00937488843449983,0.0079718468407523,-0.0101244223154243,-0.0135791334338781,0.00305101218663125,0.00282418231713788
0.000675969291680683,0.0129075427699362,0.00745332144555047,-0.000505190704723462,0.000592354554558762,-0.000262379965665524
0.00786491676718945,0.00636091844919833,-0.0112863002430289,-0.00101087946690535,0.000437317780301911,-0.00144167444820735
-0.00646306000645238,-0.00643657737146221,-0.0154568849299664,0.00379462443194096,-0.00667402327927477,-0.00711388797409454
0.00645687852358688,0.00524831773462999,-0.00116493956410018,-0.0212954004373058,-0.00247475827473297,-0.00400599195414016
0.0042131661648522,0.0123668777586631,0.00588724233456418,0.0110724993194927,0.00654502229050139,0.00638925467126021
0.00233613349225268,-0.0192899896007294,-0.00872399089656019,-0.00904111815918921,-0.0122946729424029,-0.00760216492362023
0.0146499426436465,0.00207159437930006,-0.0269035928641653,0.0152917244924185,0.004167661743372,0.00791940840749418
0.0199699598736187,-0.00227935508471304,-0.00515165435291904,0.00607512957663259,0.00125664931043116,0.00332311593171512
-0.00974350583693366,-0.00292739960519735,-0.00747987904234964,0.0109448109433843,0.000598706548124383,0.0024280177690414
-0.00194939192613404,0.00357545019712289,0.000695623188405732,0.00696860369625941,0.00487918531516125,0.00206853639195737
4.65587814939513e-05,0.0114047740271368,0.00590895625967316,-0.0112456255868915,0.0038083126204228,-0.000398151918129472
0.00204603576756966,-0.00104992386729058,-0.00426171967439367,0.0078739780558936,-0.00134871365147183,-0.00169126216358614
0.00310919294428148,0.00130852434105593,0.0101214578411148,0.0202132690998669,0.00857020526019533,0.00619883972725634
0.00823464085428126,0.0116984128312439,0.0160893964874685,-0.000972347185086158,0.00905110787857787,0.00767040948852019
0.00807558028676558,0.00266636156209362,-0.00676215458506089,0.0189803864465169,0.00151412927928572,0.000269278569251187
0.0149294495207911,0.0337745014144219,-0.00204244303989689,0.0260298507462687,0.00991899188710872,0.00570143394557117
0.00919366775842978,0.00214204947270367,0.00989201284452572,0.00395667403700683,-0.00263019648780429,-0.0044303289684483
0.0115540327956273,0.00515883896873013,-0.0107520998128354,0.0132144087126837,0.00261859961212766,0.000134477605530861
0.00320694103225513,0.0133154053585965,-0.0260057594265239,0.0153300073067151,-0.0022553731669171,-0.00165432220591742
-0.00652480294272214,-0.0219121572244698,-0.023253160241805,-0.0303098816901409,-0.0118745654874092,-0.00280312666784873
-0.0166173935137725,-0.0183023470730827,-0.0278142971330307,0.0120845924258563,-0.00906046309293187,-0.0036523051450786
-0.00806814852288128,-0.00318647855140279,0.00313784534017013,-0.00091849600272087,-0.00254835657039515,-0.00221334476174703
-0.0134207137203666,-0.00669030125009676,0.00699214946605148,0.00712482212565463,0.00273584403157739,0.00189782675265081
0.0252828653872578,0.0248271095825854,0.0107199968025336,-0.014034630465936,0.00609655257452376,0.0037398415912946
-0.0124190301570148,0.00143420273536427,-0.0237435335212301,-0.00370336749434708,-0.00228790255819102,0.000356671839358113
0.0241552259771031,-6.53291457286346e-05,-0.00395061111111104,0.0145196893725027,0.00747777989190093,0.00528225441065028
-0.011351123866417,-0.0098901204849817,0.00594946699337212,0.0121365473843164,-0.000457955431112356,0.000275481553737305
-0.0266261262799522,-0.0315502128533099,-0.0107195966298843,-0.00735296363454834,-0.0142633494269354,-0.00556972203298975
0.00165228563149827,0.0173058177796634,-0.00174367291389126,0.0207407407407407,0.00763949189404215,0.00536901472477092
0.000595637818994849,-0.00753716010956912,0.0172176852672923,-0.0174165233895277,-0.000762913547514853,0.00125327252464684
0.00760179525762328,0.00928146748456485,0.0181528641991029,0.0173843763803119,0.00983516317105678,0.00784059195797347
-0.0107712402854157,-0.0150645673310889,-0.0186122812043783,0.00625415449794328,-0.00514061245166279,-0.000368532969376425
0.0143801706444884,0.0101043727703544,0.0152213288317025,0.0263041404285047,0.000787538566703031,-0.00351568786731057
0.00634092146712871,0.0207769310323073,-0.00302279177745501,0.0170866441322955,0.00177902792981582,-0.00130509591018055
-0.00796617295168688,0.000151896377684588,0.0123703410982878,0.0105262941884223,-0.00213551815253301,-0.00328927815100101
0.020551655929589,0.0193077977888889,0.0113207489305916,0.0109427713495078,0.00645778571510943,0.00276328698511524
0.00351192715735812,-0.00495781383777104,-0.0259416554357181,0.00676520593744371,0.000544628105166342,-6.8702814001137e-06
0.00673337455952203,0.000678974038941613,-0.0122826517938796,-0.0259485363605334,-0.00112476997517791,0.00364110531740848
0.00888851551330662,-0.0164890170664628,-0.0191455304217491,-0.0249416044901124,-0.00469685104648152,-0.000396690122407307
0.0121685624563852,-0.00941001082772842,0.019456417254046,0.0108849457640706,0.00319268454132719,0.000711519704040561
-0.01758091894408,-0.0221942101323552,-0.0220401844134783,-0.0233660593291894,-0.0181406165949461,-0.00816948255801729
-0.0162288343132797,-0.0103539397012845,-0.00956880039400187,0.00705621853548687,-0.0115565020799798,-0.00552797874576744
-0.00231837361695573,-0.0133516681287858,-0.000508498054935558,-0.00645933901726905,-0.00674075055826944,-0.000395116380171706
0.0138534743021231,0.00316447037725588,0.00413350715421299,-0.0414325289256198,0.000267559245836068,-0.0014179037440387
-0.0463260730167244,-0.0615242040518773,-0.0412918888394637,-0.0495459029669134,-0.040833470859901,-0.0328642289132352
-0.00882789794786474,-0.0204472382851445,0.0130136143145193,0.00374937106918231,-0.0125288496363033,-0.0205730078110065
0.0357193012025051,0.040276614905633,0.00254319520535258,0.0308471510024618,0.0228992635684444,0.0142061979635735
-0.0213857998289136,-0.0154645418688077,-0.00143099383924175,-0.00677968415734605,-0.00882364577727044,-0.00590497905442919
0.0220371365476628,0.0335103277446867,0.0342626033282282,-0.0080028244321192,0.0289002162957322,0.021495600231814
-0.00432135059451188,0.00646718568112502,0.00403072807677741,-0.00367775532473902,-0.000364926108674109,-0.000252662360390219
-0.023373569811048,-0.0333073158523071,-0.0282273244038054,-0.00571568210113063,-0.0206157580409969,-0.0143919224840026
0.0152300339740759,-0.00377809145972521,-0.0056157695018818,-0.0176048023952095,-0.00482427200280494,-0.000361169897762218
0.00611005437253296,0.0143251643025176,0.00473869513653953,0.0148726199545607,0.00263122830297555,-0.00429952737403755
0.00942671232908997,-0.0115129365874174,-0.00251970540457243,-0.0121321561561562,-0.00416272388470682,-0.0055118302120862
-0.0343016214125016,-0.0590829439108183,-0.0540838529314323,-0.0592168667124725,-0.0442538978310165,-0.0308644337086653
0.0218978478199423,0.0708869706005657,0.0336209547750388,-0.0218431295653432,0.0295340646129,0.0186250397856806
-0.0159235665891981,-0.0781967946712946,-0.0369658967267155,-0.0779598440803383,-0.0206508424344226,-0.0173272640596052
-0.0187702261901022,-0.0632635851178459,-0.022563108707543,-0.0518772578371634,-0.0163131710437134,-0.00655959942190193
0.0049943459292434,-0.00549747931775878,0.0290661208829929,0.0359733503039087,0.0157950754343427,0.0156667801230478
0.0260665536602616,0.0441643235561282,0.0380932291198658,0.0590895089131965,0.0201420066568342,0.0108513318160185
0.0153522799963446,0.0422525632364468,-0.000263475866950002,-0.0117095749667764,0.0175420083383453,0.0105578437112623
-0.0663306813068131,0,-0.0092256606260296,-0.0220238924456061,-0.0103671243423298,-0.00631668616316328
-0.028388278935575,-0.0226534372500348,-0.0111075020509145,0.0426168447766907,-0.00382495220259388,0.00560031716876649
0.0108140683727182,0.0092210403908152,0.00847463720286829,-0.00205060828296356,0.00642800198804116,0.0062592955621174
0.0303282714761099,0.0685897498512944,0.0106042215472293,0.0312328630136987,0.0264087712013002,0.0212088562809102
-0.00695399870357702,-0.000330367021916222,-0.0241536595007832,-0.0692082766898019,-0.00526633649242154,-0.00250891657756847
-0.019281519127411,-0.0242063576918383,-0.0196793676769922,-0.00713572142143571,-0.0164628812205422,-0.00919901357847712
-0.0503741380153568,-0.0441361548306486,-0.0235237571422026,-0.0311915768290929,-0.0278159267339859,-0.0197014893161064
-0.00999126538600189,-0.00347003823397436,0.00430943826966915,-0.00326412453222173,0,-0.00148191967008372
-0.0282473709253992,-0.0197159297513436,0.0144906931769642,0.00595418279249756,-0.00895447063373273,-0.00756741086724022
0.024678800328077,0.0127766123240217,-0.0025654902054812,0.0076945247796827,0.0171851097887923,0.0105937533494057
0.0110756802450096,-0.0160734006498115,-0.0300313299952174,-0.0381791200639976,-0.00153734980163046,0.00222330565853851
-0.0396320983826796,-0.0509096800378251,-0.0571919734622803,-0.0561832061068702,-0.030269601063272,-0.0166431089282628
-0.0477779188636609,-0.0111288691758684,0.00668939551449491,-0.00210289550307344,-0.0170250404554755,-0.0181512405046307
-0.00113004861860206,0.0142230615026142,0.0180473769261621,0.0226941323179468,0.00918104359584756,0.00304329072203312
-0.0253988460233057,-0.00967207162345413,-0.0229195285533549,-0.00776671421778418,-0.00477177668614865,-0.00655484237158317
0.0135237338684186,0.052774119466817,0.0352995455947635,0.0466453529279666,0.0205894985158899,0.0155323681449199
-0.00217610817033799,5.6969767541622e-05,-0.0101188220369988,-0.00366297330569169,0.000120038830000163,0.00326169225525927
0.0384527080245016,0.0609135797699552,0.013037,0.0877757825946045,0.0294929395920873,0.0229739795732449
-0.00768210439522255,-0.00249146416331392,0.0140391786355359,0.0150682998150034,-0.00253850893920359,-0.00218310800566327
-0.00540241703364144,0.00991897472805113,0.0139169894535545,0.0260820886214737,0.00790036138524151,0.00817074753438289
0.0349423675663567,0.0486282083224521,0.00341366187743646,-0.00500274479452058,0.0151380016219293,0.0109414260184812
-0.0439887655453408,-0.0586562334287862,-0.0223970734253903,-0.0275852440595323,-0.0380406125774881,-0.0323649029387882
-0.0111494932107194,0.0184547569869851,0.0123251800643535,0.0700112093351372,0.00416705747860888,-0.00152222836166173
-0.0356570283882784,-0.0412313740268311,-0.0158275937897447,-0.0198510774454746,-0.0304677033286835,-0.0233201187494894
0.00658795165082911,0.00730452693368693,0.0322369965396158,0.0126581873687599,0.00735660508663055,0.00176215415503973
-0.00571936293776583,0.00134669138342746,0.00162140282179473,-0.00736839473684201,0.00161100003529369,-0.000356346393981931
0.00278719082518665,0.0123536726975589,0.0170326433413197,-0.0197508610882594,0.00945415066384948,0.00541950365325676
0.0109402005468858,-0.00310183937809025,0.00352937716262978,-0.00365107519882644,-0.0039417806164334,-0.000199930211727626
-0.0319976608832445,-0.040081266536978,-0.00655125186370771,-0.0138435939196526,-0.0225830930435381,-0.0190867095971456
-0.00930621245603615,-0.0446005103828625,-0.0268637793539329,-0.0194055040239194,-0.0227084203907422,-0.0207734806507435
0.0129925823351817,0.0200997727127889,0.0247521360332101,0.0324210245614034,0.00446866784567538,8.64007027257627e-05
-0.0311917128347463,-0.0363524020464641,-0.0725323591108907,0.00502993488390271,-0.0216807231549073,-0.0153957144699559
-0.0252346323575112,-0.0229084737993772,0.00120075798556144,-0.00500476126065215,-0.0163361003258761,-0.0157721063020998
-0.0388956449658867,-0.0570771462192003,-0.0633433086961008,-0.0520662738462826,-0.0299337690693955,-0.0205882284353219
-0.0258740536289803,-0.0243130358207839,-0.00712284130747121,-0.0424495320902251,-0.0221175632401899,-0.0271122542343713
0.0704215759722126,0.0944522654570362,0.0815733932222053,0.0963007381893396,0.058363412663549,0.0495937425629762
-0.00648983902780423,-0.00629547137732597,0.00253399178519859,-0.00204909844463508,0.0038341457480636,0.00856268080381378
0.000512353532493312,0.0112065931637757,-0.00981271900646096,0.000136824087467722,0.000764464391786505,-0.0012415825521054
0.00966528860437274,0.0162040775334018,-0.0158408487051241,0.0227210928749273,0.00770895446377575,0.00849248436478662
0.00114109290880954,0.0247408634776227,0.0350140906251914,-0.00709313427337868,0.00462077817265695,0.00126849666940082
-0.0996073708206687,-0.0252415168788812,-0.0290388281491141,-0.0146920605285872,-0.0303693016726506,-0.0247567301116141
0.0426893018443126,0.0500639777562486,0.0471382402027387,0.0544460206414779,0.0426022840566256,0.0343357142984045
-0.00222584654595568,0.034353394705247,0.000724943835990135,0.0343798771567235,0.0125555885891851,0.00701043484980515
0.0190631254816806,0.016612322620835,0.0324519804610218,0.0126676904803328,0.0107760102533106,0.00969528514133946
0.0169817313432837,0.00171442856694804,0.0119272925835073,-0.0225414917647136,0.00871104509206901,0.00409804551746923
0.003196190808067,-0.00192842855645293,-0.000207994181737367,-0.0011403446817119,0.00416694154371931,0.00451841892184728
-0.00981802315167683,-0.00945521263733154,-0.00277388355285467,0.0020296333368101,-0.00208841943575743,-0.000146297914094345
-0.0150370485277851,-0.0142330040719344,0.0110569955968637,0.0246867204630136,-0.00940403733326077,-0.00525752542019087
0.02046672,0.0354623699971137,0.024485852015172,0.00284156158039136,0.0170737797906368,0.0107216888546003
0.0122166061427264,0.00550590583505617,-0.00946629089223806,0.00418878906464915,0.00154614546186345,0.00222198555381475
0.00593775639763134,0.00560639860160734,0.00515121347470847,0.00171758062280505,0.00707494152797373,0.00759140027370624
0.0061594251251122,0.0017599485306331,0.0117329060337241,0.0218003423931331,0.0102717806862626,0.0131830530486574
-0.0224461409286499,-0.0377490324547239,-0.0164621841857858,-0.0400336090135444,-0.0191233364559288,-0.0141573063163484
0.00404433127085885,0.00480953319101595,-0.0221590014561699,0.01298540456913,0.000770638130463064,0.00220291283979088
-0.00792622141372134,0.0090913731650666,0.0106029034524691,0.00542343173018964,0.00678785967434779,0.00137572557221755
0.0331368705471348,0.00945048521065782,0.0218061644132734,0.0219443545421111,0.012921526735705,0.00848869419712218
-0.00925451341923208,-0.0195621446909474,-0.0103348369349318,-0.0182342248292439,-0.0110511145387352,-0.00784682745220275
-0.0103647598115225,-0.0268699421798478,-0.0222418049620818,-0.00183277135057524,-0.00809945348569165,-0.00145624670737285
0.068334681579244,0.0480274856073622,0.0432068514708808,0.0166483163998453,0.0220238547557186,0.0155492609848485
0.00720123449319206,0.0289146653488073,0.108163836034621,-0.00854915080496751,0.0137350767259538,0.00859739601228158
0.00048065367746574,-0.0538188086996656,-0.00587914684889141,-0.00133583926819723,-0.00245409976540499,0.000898609856120838
0.0284049716933708,0.0043536763477942,0.0213625783022266,0.00340507101769173,0.0115186423562535,0.00677623665855877
0.0171094423357664,0.0156124673692468,0.011285104874446,-0.00969583057336496,0.00742289782845776,0.00470842038303293
0.000344540146723628,-0.0111827444615224,-0.00391446006276087,-0.0238648515954577,-0.00362064348366811,-0.00222443807173816
-0.0189393935046054,-0.0157840920598924,-0.0241069850399734,0.0470160469654953,-0.0117866290546427,-0.00935713992802269
-0.00310050302795126,-0.0161982842105536,0.00570980268933155,0.0276613333095118,0.00135148516022898,0.000676201092687225
-0.0057509065019445,0.00175040551734758,-0.00920342426100011,0.0116522955022139,0.00132905466290785,0.000709103092812437
0.00861717564148848,0.0295474607165305,-0.00452379535355913,0.00495277585809729,0.0146034040464612,0.0128902245067456
-0.00415476622388664,0.00121488268560705,-0.00587727848485794,0.0111174899713467,0.000776812015870296,0.00302399473189707
0.00364327200109401,-0.0105792536585366,-0.000731456054609711,0.00736796636399948,0.000885441460356126,-0.00265164161781831
-0.00222484772307156,-0.00905929977664732,-0.00884414166838927,-0.0158659159716693,0.0061209459881129,0.0108787529063582
0.0029925595587373,0.012208094529181,-0.00129235076923071,-0.00983307809093386,0.00192171785276932,0.00149874328185734
0.00643543000926369,-0.00336694979549138,0.00166371933973771,-0.00381063519193148,0.000307182402271817,0.00177711060747294
-0.00563857466720914,-0.0016398711789389,-0.0155019994525344,0.00243428778605374,-0.00392036176587804,-0.00352643666204452
0.0111656965080251,0.00748414170427072,0.011559648093711,0.000693778884350956,0.00909285727657272,0.00641110237203013
0.00728447707694977,0.00088255470097904,0.0168632776382931,-0.0164085738801876,0.00357619114086776,0.00123186237403101
0.000573976940227977,0.00208207225964484,-0.00297649140373244,-0.00505170329939944,-0.000683060870881478,-0.000790457069078453
0.00309755062238269,0.00286601193547769,-0.00804244781446271,-0.0120439718492391,0.00069012506253227,-0.000544049197650907
-0.00983590117998281,-0.000767788497952443,-0.00835330149687743,0.000358539508988508,-0.00290951784838826,-0.0028255084661058
0.0105111642165135,0.0194532511638054,0.00514092298186916,0.0224612313904862,0.00833986917982033,0.00689532053228895
0.00502947933931533,0.0146196241572457,0.0313655165847024,-0.0186959448774025,-0.00234094199353386,-0.00388055820327965
-0.00181977813728619,-0.00220496170960559,0.0232419197957197,-0.00988331710347755,-0.000159676654666808,-0.00113153309148827
-0.00575397937674472,-0.0138736031923479,0.00729884407622457,-0.003487684822906,-0.00929733305620829,-0.00652409859278466
-0.0115746272845605,-0.0257647031142158,-0.019593009668802,-0.00349989134081719,-0.0112524463193974,-0.00812571736750084
0.00237683478260862,-0.00316731889369214,0.00277893328271347,0.0164708731984984,-0.00179477138864797,-0.00213168910992818
0.0346422292604887,0.0307378729601705,0.0145636846262847,0.0489693911592994,0.0202371876378558,0.0146660420633484
0.0112353945773233,0.00148446744766751,-0.000871790514892066,0.00090870058031909,0.00436219423273034,0.00295331831110099
0.00442211034388127,0.0105851911147239,0.00843413806926636,-0.00635502701923426,0.00690029844218299,0.00694958368953417
0.0111165478568468,-0.00271472716616948,-0.0184576171903333,0.0350616613764657,-0.00163539568659515,-0.000868022593209958
0.0130082188648172,0.0155021375915136,-0.0246224484294816,0.0191990075868588,0.00755081999683811,0.00498490290110596
0.0102085108576943,0.0173970656059216,-0.033196741371171,-0.0240337872458443,0.00337518299670609,0.00370594692402389
-0.00792470996862652,0.0113078390084733,0.00685490118492619,-0.0083194673695071,0.00122758954907551,-0.000130561539497211
0.00873856216158251,0.0201038933408028,0.0239524344391468,0.00671138687446561,0.000649929100170736,-0.00294435364343472
0.0368303138428931,0.0122352177220427,0.00386847190681257,0.0235555888888889,0.0142308409710956,0.0108524812841198
-0.020708350416902,-0.0299517329576216,-0.0104769146137173,-0.0587277879267981,-0.0250403165696179,-0.0189745012820212
-0.0120910753815007,0.00537746555780681,0.0118656264297341,0.00599704769919326,-0.000671216087094492,-0.000839020831404131
-0.0103317365617942,0.00535434487981274,0.00835889144574073,0.0121517592977729,0.00706771823445226,0.0071827260364815
0.00899410071177682,-0.0101247134697228,-0.01079435875215,-0.0387359605987546,-0.00625885870085798,-0.00464432497928967
0.00132647105640155,0.00437225645026928,-0.00192917350723972,0.0133144451520757,0.00337416684696796,0.00358948145165551
0.00651757100466299,0.00413323173198557,0.00688613095343761,0.00906975581395353,0.00784307853545563,0.00673428004053453
0.0067913031174794,0.01877857138846,0.0120582816958632,0.00483980185342008,0.0128847472051507,0.0115686001036279
0.0145367074976635,-0.000115732644777144,0.0326022530990324,0.0028669725756986,0.00252650555516219,1.74557671552408e-05
0.00685498388094045,0.00370454529492657,-0.00378877159222905,0.0188679366106783,0.00597040580686127,0.00214837684375352
0.00174044528321691,-0.00101058167161998,0.0142907174140545,0.00707076334614505,-0.000477486697330754,0.00208463534638205
0.00669424075437196,0.0101272468204857,-0.00170436878299357,-0.00646384688073615,0.00594417954859341,0.00463643254164885
0.0157360812182741,0.00684705423312476,-0.00449583425622676,0.00987097005337143,0.00191340663420425,0.00104746019707077
-0.00299854060975351,-0.00757896225318915,0.0151489687648933,0.0112185050674054,-0.00560733863926266,-0.00606749461409227
0.00561401503759392,0.00625871002527245,0.00135153168879904,0.0344903225561257,0.00694885634267649,0.00347787164561729
-0.00832419516148324,-0.00176471452184905,-0.00174340337305239,0.00934378849012515,-0.00211952056995173,3.81229209395317e-05
-0.000402111091271459,-0.000547640289995899,0.00895730406617387,0.01094045888787,0.00463050543002701,0.00660932429598037
0.00181022782340687,0.000982027683342091,0.00307084300153505,0.0119667224134594,-0.00102081995360212,-0.00062936911387957
0.000100406567292207,0.0098489563217163,-0.00434177025355205,0.00874033933161953,0.0030366329418559,0.000509358186754457
0.0194730439146801,0.000955377749667405,-0.000503136370076966,-0.0202853928702425,-0.000518722838015228,-0.00227381198387544
0.00359373792952813,-0.00167844890693805,-0.00279673343101428,0.00624282586366844,0.000247618955874144,0.00157909223650657
0.00328656921416652,0.0137617534669807,0.0177249440078805,-0.00620409478031325,0.00215176691260697,0.00101201776596161
0.0144232924265389,0.0193184796669385,0.0128968087202733,0.0326708871847791,0.0131685899210667,0.00884120580899906
-0.00154227880359133,-0.0114462850398302,-0.00652952990820288,-0.00755667506297229,-0.0023162757464966,-0.00219176329696487
-0.00907513015881186,0.00026291573550677,0.0584948673623084,-0.133198,0.00205756478719106,-0.000368973610043542
-0.0047739477786438,0.0254330424497306,-0.00915859487629609,-0.0217849621147211,0.00341431432191944,0.00468529216192252
0.00151735679848549,-0.00625436447133912,0.0171810220590887,-0.0124520358878845,0.00189656734089455,0.00107152200952693
-0.0192561458384244,-0.00614416495215978,-0.0070849420222043,0.0166100260689855,-0.00814275687521939,0.000951417067583018
0.0490855832959586,-0.00778605975763491,-0.00191310760847277,-0.0145498035670794,-0.00565136444640259,-0.00750216319843004
-0.00650775210891599,-0.00559767822886828,-0.00259027095575958,0.0359433753821871,-0.0015988437720145,-0.00212398547146277
0.0124313081494165,0.0324281187861651,0.0152703579456207,0.00233650706393713,0.015830984298839,0.00963827936303248
-0.0154427579693034,-0.0060688687854458,-0.00813422004330979,0.0158508269516027,-0.00498652143557075,-0.00447098847055167
-0.0269570035870491,-0.0151495979378481,-0.0211986842067598,-0.0255851755123829,-0.0196386282201046,-0.016511651433378
0.000197140885339563,-0.00168140551795943,-0.00121205140513139,-0.0076533733663017,-0.0025666196119156,-0.00160542532942704
-0.0107441699652704,-0.00933377037565741,-0.0046955736671364,-0.00486468918918718,-0.00412044091452915,-0.0030214248826747
-0.0176365484256676,-0.005205627240826,-0.00164324415509909,0.00190766655868615,0.000802733693090655,0.00372029703624482
-0.05811944652072,-0.0356088036445762,-0.0361049333355619,-0.0386766635567852,-0.0340939710306689,-0.0241305571474959
0.0158303036829635,0.00956829530324146,-0.00446181024144917,-0.0097796609281959,0.0114384706423196,0.00801594457145409
0.0119792004244843,0.016863046477575,0.0306535059072319,0.0153769600044245,0.011333606397828,0.00583897513550607
-0.00439974858579497,0.0194639240749624,0.00386536202576125,0.00529427474397599,0.00970320231022332,0.00889528697242899
-0.00568181818181825,-0.0202194137524958,-0.00903792692021155,-0.0192284134910371,-0.0103531912331363,-0.0058373333297621
-0.0312698624338624,-0.0053665216693419,-0.0139233780800317,-0.0189810684570163,-0.0145721372741265,-0.00674937797619468
0.019170965517963,-0.000779975482454986,0.0114930275202878,0.00687372726256951,0.0108200755176906,0.00849583560835447
-0.0204716389937132,0.00116285906840455,0.00270533481799944,-0.0207332369338366,-0.00448004423955533,-0.00282439592013213
-0.0170696793959953,-0.0237675689992639,-0.0240125827320955,-0.0105861090961284,-0.0158124876099556,-0.0119141501894838
-0.00384060995568044,0.00429641146469704,0.00105049485958143,-0.0100469207991509,0.00114442328363031,0.00135355923434416
-0.00413479354081689,0.00721229037275871,0.0179498510764371,-0.0233294441809894,-0.00388367553647047,-0.00837567691621372
-0.00476907377588667,-0.00938784080692236,-0.0115023385763371,-0.021457436476584,-0.00789237227504283,-0.00691191223904407
0.00518660491179145,-0.00157762250951234,0.00450075740160545,-0.00013793959073398,0.0027042954165718,0.00209847107028718
-0.0181155127736284,-0.0227107564891544,-0.0302715379015229,0.00331031724137931,-0.0151393431238261,-0.0131953725135343
-0.0101102640036436,-0.0464094416029282,-0.0750549778832762,0.000275006881358453,-0.0161180015938985,-0.00276524052413489
0.0365839345277798,0.0217819679239175,0.0204082005631996,0.00467284209255518,0.0264693259353737,0.0214323708029609
0.0161433533734136,0.00516891041365109,0.00399998805970145,0.00793436410217149,0.00642474973805439,0.00816185449020718
0.0146817580664734,0.00912279838941619,0.000951442004536475,-0.00271440010857777,0.0052894107179727,0.00613558678813489
0.0266169528128712,0.0283123443447668,0.0298223961287662,-0.00272188339458822,0.0166173547859819,0.0104976975846502
0.0127794273059975,0.0313741872863248,0.00847995932575852,-0.0241538895217507,0.0104712962857381,0.0046600442655294
0.0115795825111642,0.00164994974376976,0.0187621488883707,0.0199972026290813,-7.67077803477485e-05,-0.00034987997041555
-0.00318254716251842,-0.00449643463021156,-0.0171814312010747,0.000548409636731152,-0.00381583158368493,-0.00203757920348816
-0.000206045621174147,0.0080741346161326,0.0138825873924709,0.0352151259845797,0.00569886596396934,0.00409738202102564
-0.00726236445067687,-0.000336847021063187,0.0217501604679656,-0.0133686559880084,-0.00516384538781028,-0.00161151221190458
0.00596656623499908,0.00875019902709638,0.0423536806666996,0.0135497985839845,0.00620263844163891,0.000931749447046728
0.0235184692351334,0.00813346858964567,-0.00285696002478603,0.0189278615912165,0.0138763014909425,0.00971739982695503
-0.00292265060060779,0.00390247243803801,-0.00525285188490022,-0.000649558301523963,0.00420423007285695,0.00298516356781768
0.00803563972377096,0.00492453429027985,0.0109345159149673,-0.020278135967763,0.00801520677907938,0.00947218529192786
-0.00340924482465671,-0.00359187161434507,0.00849469745420083,-0.0249436768630618,-0.00243808898647212,-0.00125922289285932
-0.00100613743837402,0.00136031755001545,0.00763841690718026,-0.00462642548990135,-0.00323838461875444,-0.00173188691510602
-0.0151575788095478,-0.0186164394969463,-0.0195223773772883,-0.0146274773854416,-0.0151117300240095,-0.00949639739567552
0.0216290628775758,0.0104138040812684,-0.00624863389639146,-0.0134572832004083,0.00320239644673302,-0.00123393392165927
-0.000300300294288294,0.00339865696587201,0.0098049449045094,0.0153283080392588,0.00730591259249133,0.00382317569930741
-0.0091118652425781,-0.00559267746224945,0.0184696569920844,0.000138531861711851,0.00482952161336534,0.00575745266505793
0.0183407639450284,0.0150821099816699,0,0.0171721093639677,0.010606716700727,0.00767230090941375
0.00585458683493749,0.00630536958990351,0.0103626943005181,0.0160653512348,0.00221596009154564,0.00292812600877978
0.00828692365780931,0.00242460663334641,0.0112820358974359,0.000134021176498239,0.00753970386025976,0.00767237847275194
-0.000880622261520951,0.00201652088705518,-0.00405681040654379,0.00683283771212266,-0.00103301143549935,-0.00180590151517735
-0.0206139748443221,0.00484320521039631,-0.00325865081238235,-0.0331337050396885,-0.0077691481521828,-0.0048354444459185
0.00609938993901829,0.0184294091107953,0.0176236825097998,0.00440405976305748,0.00535293449137899,0.00123655708617124
0.00988865017116577,0.0146406398846294,0.0176697398539824,0.00328854467161367,0.00746773635939229,0.00451068942377094
-0.00728236987221119,-0.00809953738933368,-0.00739900374683577,-0.00232174266154398,-0.000791247795983695,0.00228522682216074
0.00768279553903346,0.00496237226482233,0.01808874955203,0.00177956187079148,0.00586864007143984,0.0046201747407673
0.00939500227456949,0.0049676727996022,-0.00468585455864341,-0.000819855151680922,0.00170433575848135,0.000175869093023897
-0.00345990922625951,-0.00548739283958552,-0.000343327932061504,-0.0101204317510763,-0.00428551815315792,-0.00340377859974615
-0.00562343276283617,-0.00889098700762044,-0.01000781514929,-0.00414472247076785,-0.00457141665751657,-0.00653124350717082
0.0113597044953152,-0.00709326907440911,-0.00505452916172652,-0.0260821996092619,0.00269147316989652,0.0035819976006714
-0.0149275889345989,-0.00676475243320999,-0.0120529834249077,0.000427435915702392,-0.00740200094891007,-0.00617673452363666
0.022854060375222,0.0107456196857694,0.0199637325067365,-0.00868574646081105,0.00707659523844958,0.00282869495746157
0.00781775890358081,0.00446205233487094,0.000197676940570723,-0.018672837460234,0.00576059709216677,0.00684748287334565
-0.000814001164796163,0.0031687644619364,0.0113658973543886,0.00600121487119443,0.00849548024314274,0.00468814798881912
-0.00790720276033923,-0.0134895928169661,-0.0193002879057893,0.0865705913034808,-0.00996935179955543,-0.00526240137288816
0.0034779247709801,-0.0155890090493594,-0.0047830549873878,0.0175414836636314,0.0111269620061382,0.00738769091685832
0.00933853837800061,-0.0157484867750825,-0.019073832290363,-0.0232924996260693,-0.0044272453122625,-0.00161611436982403
-0.00429221687494149,-0.00727858106442025,0.00561391746847087,-0.0144165856316816,-0.00237778139957462,-0.0025786548938854
0.0204042149631191,-0.0167234647411521,-0.0142610490247024,-0.00505814066826679,-0.011867906007474,-0.0108855261684386
-0.0216391296146876,-0.00613895736078712,-0.00772280302163009,-0.0255564856493059,-0.00786501557271319,-0.00899879379571029
-0.0211581258420813,-0.0172907945441773,-0.0192496864888639,-0.0218555420715044,-0.0131979666748659,-0.00728274000538953
-0.0523478472238437,-0.0318718245095096,-0.0385673888780576,-0.046994404771757,-0.0347360519227774,-0.0297778201397953
0.0189304027915672,0.0128602147919411,0.0152974140823731,0.0226894566224557,0.0138790351148476,0.0130170174181718
0.0103552893401016,0.00311554685685107,0.00346864136005201,0.00488094949148144,0.00377365492629859,0.000766875907745108
0.0220558690536924,0.0220196222100641,0.0270591961239815,0.0153076386426952,0.0224257775191362,0.0187623036134945
-0.011994239276183,-0.0138088258394489,-0.012147654351122,-0.0250797756561419,-0.00995377843545969,-0.00661660650890151
-0.00253747942609126,-0.0125360496086404,-0.0132020810262844,-0.0562081635687732,-0.012027678788438,-0.0123173221205344
0.042348384723631,0.022084979174563,0.0166154290504243,0.0508901205153596,0.0194508112848844,0.0151316882580403
-0.0297650380437383,-0.0336450476029313,-0.046378297368718,0.0107946181766696,-0.0302406486413995,-0.0292927526750639
-0.00498148458692972,0.00746473787897897,0.0160257575417045,0.0226935485818316,-0.00094158484057669,0.00246426802735399
0.0235947055894774,0.00926173403053213,0.0060791994321528,0.00957221216412817,0.0166571964446706,0.0144261246615536
0.0186441065375303,0.013137590001746,0.013445841264766,0.0333285299047763,0.0135283633634748,0.0121058652475175
4.75017809365194e-05,-0.00811619829118176,-0.012676586052281,0.0358682330043096,-0.00677886887231444,-0.00791472740432112
0.0108385624643467,0.0123016986635199,-0.00141447692089091,-0.00590527430129457,0.00901419898298075,0.0082467986380092
-0.00084646350639578,-0.0103534907905578,-0.00822669558877639,0.00243013365735125,-0.00359340019028702,-0.000506075041773288
-0.0462205009424644,-0.0304988407583918,-0.0235662116291117,-0.00592595286195296,-0.0299847852366215,-0.0259463368416739
0.0189992301618635,0.0110023891216447,0.0146835499296766,0.00731608202997115,0.0131544426288333,0.0109829879508766
-0.0112838391925258,-0.00397996405609219,0.00521180968500878,-0.00551440499029997,-0.00341111855011724,-0.0032031807387392
0.00671040347354232,0.00137359680584291,0.00253718694091803,-0.0117663237282576,0.003823927232745,0.00654548006245809
0.0169318153067679,0.0125549236219357,0.020961774344239,-0.0218967975913507,0.0148290741025703,0.0126872918926813
-0.00129176596893482,-0.00565941830730744,0.000538831687385713,-0.000559689372328252,-0.00131816627800872,0.000642787323260999
-0.014563609953749,0.0076282176347891,-0.0176657458681074,-0.0288393812123759,-0.0111416633559182,-0.0068991003700939
0.0169664952254058,0.00602290104410375,0.0260430946106864,0.0233529613657362,0.0130451660831065,0.0108420789476403
0.0195515843099272,0.0222700936962549,0.0200918831895473,0.00535293718419315,0.0175444781735095,0.0130098137446355
-9.3792198049513e-05,-0.0039169244173969,-0.0178626983089376,0.0308252333967255,-0.00169527437038455,0.00091060517473119
0.00426711064929396,-0.0011780868324793,0.00677364108022722,-0.0432241538670652,-0.00192888415618823,-9.40101599908717e-05
0.0118130270345987,-0.00589724910122806,-0.0137211118277472,0.0103708482791709,-0.000405540569565476,0.00032230437576734
0.031795109031751,0.00134022187488903,0.0124617662616079,0.0112485231475596,0.0105787142201194,0.0072296811674792
-0.00223623600762531,0.0112782072928442,-0.00541144873968251,0.0258620835890457,0.00303433555120357,0.00287915286120715
-0.0194540144238472,-0.00228368250825825,-0.00149356696274837,-0.0197885472999262,-0.00216728679117373,-0.000724414102592664
0.00525710628571427,-0.0171257084510064,-0.00518190602936153,0.0248894220132744,-0.00283364851028243,-0.00313558678306033
0.00363803560302086,0.00813682808027928,0.00998819133289561,0.024150039497435,0.00398354344795528,0.00258175229178787
0.00937928426604956,-0.00279283853016424,0.000318997231826813,-0.0305626120109281,-0.00105422207359806,0.000342691891004397
-0.00812495384252905,0.00222290399056553,0.010630381687203,-0.00747377401678342,0.000671332284265122,1.99748565383015e-05
-0.0146180841919592,-0.0150095888004392,-0.00110448091461278,0.00835160174765054,-0.00796907224991458,-0.00489557661461974
0.00454693435993082,-0.00493823562675572,-0.0163743806382386,-0.0276985871636501,-0.000641804982225351,-9.69358983607796e-05
-0.00475497439648866,-0.0244721126986313,-0.0296542543219153,-0.0364474369997565,-0.0146478477023327,-0.00841637110881327
0.0153895999775671,0.0153421094447848,0.00838484117599758,0.0291304637681159,0.010477092538161,0.00615857156221265
-0.00515767090440218,-0.0161112409498762,-0.0147155468044494,-0.00028170679392461,-0.00578402002589083,-0.00242891640701832
-0.00486603301650819,-0.00827088426591526,-0.0167119814740327,0.00295814911841519,-0.0113353412087782,-0.00531635244859543
0.0235352884184155,0.0060622349514906,0.00553357406436226,-0.000702176995878182,0.0075204967838424,0.00504760661733053
0.00276821002812883,-0.000149783107941852,-0.0127471022827145,0.000140576243413178,-0.0113333937259836,-0.0122583732951429
-0.0250678485251855,-0.0129173760205012,-0.00688238447053506,-0.0671726634529138,-0.0156069247021224,-0.0179032031289856
0.0084947019183522,0.00653155976175475,0.0273768547293177,0.0355528940442705,0.0111762327478244,0.00797191280921088
0.0280318258117263,0.00883194326869009,0.00596494575858655,0.021966861273403,0.0139998491254055,0.014216897600649
0.000220254618215188,-0.00401804380396458,-0.00426713224051758,-0.0128114163701068,-0.00327970857326899,-0.00447829477380396
-0.0117149830303001,-0.0156695620994511,-0.0107412793587987,-0.0237923727121088,-0.0166547792187646,-0.0155608190422344
0.0117201786709511,0.00966278702755903,0.0118143797468355,-0.0158050228569433,0.0102201814464797,0.00910449228942198
0.0134783773069639,-0.00100463998632191,0.00100079507364596,0.0148582627131139,0.00595155579603274,0.00641569556372478
0.0265983402424848,0.0067780649042699,0.0231072766933692,0.0354923675469226,0.0133647587876188,0.010938977608159
-0.00143944790010761,0.00260405208405797,-0.00494056675236905,-0.00571256808251515,-0.0010413423489753,-0.0013871190067763
-0.00233174210084773,0.0178238973281443,0.0306089045755614,-0.00186735125535684,0.0124319059989348,0.00995567687934064
-0.00403710678099252,0.00568641094250693,0.00349411828839077,0.00964176168201934,-0.00301026605651693,-0.00199954305398736
0.0038827666319541,0.00565418930403668,0.00443152723136588,0.00142528498145467,0.00402131923372548,0.00276283165244792
0.00480280516831004,-0.016766604569188,-0.0238457535786845,-0.0463991162425529,-0.00825196714311366,-0.00391934494973162
0.0173427178656958,0.0160169921308158,0.0210384120192065,0.030447776119403,0.00907965034425852,0.00687161621348507
-0.00228675734542033,-0.0111611693270388,-0.0391020193692564,-0.0331691912924509,-0.00718981982307738,-0.00356866655474779
0.0134188360253764,-0.00201612706377682,0.0208950207501374,-0.00194752059925098,0.00191135994135409,0.00284714903202994
0.0016449050627488,0.0105608338215515,0.00123562185019474,0.00465321203903293,0.00812949173352378,0.00192044618161674
0.0123162821249692,-0.0109222209836451,0.00810169524354277,0.0215150605109815,0.00700240823932546,0.00407270058405158
0.0100170492335144,0.00894210647263868,0.00803659060107826,0.00789821524506886,0.0100532463222385,0.00558133785264579
-0.0231279337783106,-0.00808629625891747,-0.000475163689815033,-0.0108837607961828,-0.00590207574341481,-0.000832405217089978
-0.000123293193252319,0.00980310396056133,-0.00559927109607812,-0.0252347696458468,0.00327792110303635,0.00325337017412896
0.0226095539358637,-0.00187077231821963,0.0180610571049136,-0.156532219851529,-0.00139934300705307,-0.00302286058335313
0.0283808173079405,0.00831892805441477,0.0102791602487605,-0.00142758741207005,0.0113405634835103,0.00966231199710418
0.00656708602714139,0.00737959040514655,0.00568126241300651,-0.0500357228383797,0.00558043997639609,0.00370408923834078
-0.00143687766990297,-0.00163469736372517,-0.00205420089331241,0.0490970654627541,0.000175436722215834,-0.00118569942736862
0.000427752492081737,-0.00329683530011859,-0.0142548574527377,-0.00627581136811912,-0.00285130033262747,0.000702497192436108
0.00851345073902838,-0.00421550026767897,-0.00589926902794155,-0.0149765072167631,0.00284041128100136,0.00273009539870489
0.00273686166555475,-0.00129736386509949,0.0022056401870145,0.00238140685107163,0.00483608329438102,0.00256067593272545
0.00791879708349066,-0.00796804990265847,-0.00644516362282885,0.0215643453661486,-0.00130134444162836,-0.00196246713532387
-0.000915408043535923,0.00358421579543295,0.0256315593817226,-0.0121645970603006,0.00257665983362692,0.00156464604402107
0.00958164634544663,-0.0139988835770528,-0.00658198690501371,-0.0152118794782348,-0.000470208903435138,0.000711534535223367
-0.0069194388777556,0.000849913019005432,-0.000207091462217596,0.0347554057602905,-0.000363126836748383,0.000837042820181838
0.0118793474334849,-0.00861164151754208,0.0100958429229877,0.0247023280611337,0.00728982245812932,0.00769548796607023
0.00504214313539596,0.00749647257240036,0.0117887643734874,0.0180367845993757,0.00106668226821029,0.000503152746589589
-0.00303257197955607,0.000148362650395399,0.0097265099207653,0.0298126059657137,0.00242337665035631,-0.000592594236062681
-0.0116414582104786,-0.0041419735612726,-0.00908093486069364,-0.00314314304146988,-0.00512558965125298,-0.00375618434046129
-0.0044834377524458,-0.00619872922277867,0.00212646453664278,-0.0194158320416804,-0.00240660920086597,-0.00158275225086615
-0.000877859596874845,0.00634688809514478,0.00449661007162269,0.0196310712472499,0.00160705203171261,0.00217493569123566
0.0175337917335169,0.0161079643168039,0.00487871424328038,0.00431531950207474,0.013217363688976,0.00750729150889971
-0.00780864223161236,0.0130225812039236,-0.0041042696267576,0.00809786838862558,0.00178852840622853,0.00219557040212849
0.0134321688014781,0.0120037784835458,0.0152284212935195,0.0239344098360656,0.00662008157622292,0.0041744242725764
-0.00220279274496399,-0.00973872065735839,-0.00178218316831689,-0.00704449258796818,-0.00456164748152646,-0.00401121991778133
-0.0115621927034611,-0.0106619682794111,-0.00962111688961074,-0.00806191551112544,-0.011249187415227,-0.00863102062815444
-0.0178300724132333,-0.00653346158329761,-0.0044065599059573,0.00585177178153441,-0.00552645191075278,-0.00663809511101708
0.00882628596679332,-0.00523741791015573,-0.000553264239649753,-0.00226242724204227,0.00540220874272077,0.00632356760308248
0.0146710327705674,-0.0114784327037852,0.00327106827589222,0.0084223515250292,0.000470459704493831,0.00150025121917447
0.0193162295044609,0.00638903987852816,0.00847713679535943,0.0152586095489435,0.0100143600927813,0.00913572417703984
-0.0140001481733264,-0.00119317539885603,0.00144239241816878,-0.00822654656267283,-0.00400855699751094,-0.00316282133892207
0.0058444475118636,-0.00588739072147403,-0.0023343648025106,-0.016430036950551,-0.000655358543242297,-0.00109693396688112
0.00852940963068798,0.00546800571135871,0.00691989861402652,0.0194615796302303,0.00439523296534115,0.00290815795009672
0.0025483031007114,0.00663913330466565,-0.0272421395046509,-0.0254534358025224,0.00731108665025757,0.0085752256005008
0.0135931632975219,0.000346517423009787,-0.0134180381194409,0.0261182346104548,0.00201433116709193,7.25819518156076e-05
0.017117907094106,0.00469636687058365,0.019628030397053,0.0132039132484265,0.00908433625451842,0.0071477851709665
0.00196533992512491,0.01212409689796,0.00237470192375404,0.00643741570791984,0.0010358116947486,0.000335292427087752
-0.00238940119982325,-0.0037025481521413,0.020716775143489,-0.00156003124992296,0.000496396137669737,-0.000432300186484
0.00100091516410725,0.00462436162278298,0.0175802370370371,0.00890624999999989,0.00673779375280142,0.00445929181331566
-0.00207122357279733,-0.00322495865962696,0.00116473358405059,0.00588503949202421,0.00424657374964448,0.00494478123319949
0.0163183364397605,0.00363839910439407,-0.000581725633809165,0.00354123188027261,0.00231826586230203,0.000866143580729706
0.000950661971831029,-0.00211379754601226,-0.00514112928503207,-0.00398898435102792,0.000808157225468347,-0.000195448214504738
0.0198403498015415,0.0444665862219621,0.0130167612377332,0.00800992014817992,0.00776395594583905,0.00512816658290226
-0.000379483282681166,0.000551180182139273,0.00149195346476574,-0.00794627115078633,-0.00174782198677216,3.39848955651624e-05
0.00593512792001919,-0.0122526652046312,-0.0177318687823585,-0.0113986140295322,-0.00673170203832186,-0.00578082261355902
0.00730654530625181,0.000514351689751301,0.00410936834578807,0.0107510595200996,0.0029744471326236,0.00294602158920966
0.0228163329900585,0.0271506434123744,0.022070640682095,-0.0100200704476613,0.0133284472963715,0.00837880287639969
-0.00972204402271891,-0.0121390503098558,-0.005291262299987,0.00840861089366853,-0.00785519172193588,-0.00705987056130045
0.00796824820544647,0.014885589866335,0.0188336034775829,0.00586777313564634,0.00562038480484041,0.00353337269231328
-0.00470304221626581,0.00209155595179007,0.00216364998597413,0.019342999989914,-0.000318542539077012,-0.00280323845099809
0.016086288892454,-0.00780865617671455,0.0101380034744954,-0.0537650586215344,0.00668904673920881,0.00490245131051305
0.0212408058149569,0.00479927173220444,0.0143109468715224,0.0133693454283194,0.00812657484066372,0.00665526249946735
0.00226071114219289,-0.00941059653290588,-0.00109942737838623,-0.0468038180243071,-0.00266958479967913,-0.0028551785323553
0.0213643677903277,0.00432252960610566,0.0176557187714914,0.0116988467902265,0.0103574226379079,0.00697621520398459
-0.0135032815119454,-0.0115582442942134,-0.0128430712839786,0.0208468722851182,-0.00243689684527607,-0.00151453293428189
-0.00428551885085133,-0.0039690609135221,0.00954074691445941,-0.00941289087428201,0.000796654852638431,0.00187019697037271
0.0125264856751652,0.00854981194026054,0.00280357231210238,0.0275406506683845,0.0106310481954211,0.00836655316913509
0.0110709938096941,-0.00703961277534812,0.00166837260822698,-0.0148902980390329,0.00339960515646943,0.00386216206901585
-0.00677690809988742,0.0146295580163548,-0.00315115244058318,-0.0146379956925376,-0.00193108691392572,-0.00265197760997308
0.00356952323796903,-0.00239959778012684,-0.000541884930076856,0.0158243177781366,0.00138301401849963,0.000289076089944276
0.00481586384076049,-0.00152586283126987,-0.00704867138378502,-0.00715309171832766,0.00199396819563686,0.00114097659366297
-0.00288198466753175,-0.0121724424198429,-0.00828173025759311,-0.0448286750693033,-0.00931353309254081,-0.00904216086631215
-0.0294052468273726,-0.0178874802495046,-0.0140864778004361,-0.00955414012738842,-0.0188515598174494,-0.0157307116909547
0.0282893402185722,0.0136243994351322,0.0135896033320056,0.0226772719580301,0.0142647666108109,0.0100535844644023
0.0209323299955009,0.00256306488601106,0.0249782045771037,0.00843950024822109,0.000591225175460426,-0.000866874224314661
-0.0014490966448676,0.00682457158234657,-0.0613716670944168,0.0223170335135713,0.00256270852472817,0.00313435886453447
-0.0443387414004229,0.0737913021015191,-0.0363670836460989,-0.215409281146216,-0.0159146550157246,-0.0177058202000549
-0.00274628922499983,-0.00225019916427163,0.0112921497441009,-0.057283120759347,0.0133822268800409,0.00725461378472551
0.0330136845329659,0.0226873426363037,0.0276213328015934,0.0277777548707571,0.0209814445398943,0.0149804141586965
0.00815431687240231,-0.00478122203717444,0.00133440879441065,0.0346283565323405,0.00429975614348524,0.0112505957411163
0.0116969353231817,0.00507874767774113,0.00352198846546099,-0.0918367346938776,0.00667502798312781,0.00332567290999002
-0.0159281452828178,0.0141691660366804,0.00701918879717746,-0.0442696853932585,-0.005394882329529,-0.00540085356579788
0.00474951723275947,0.026273461120229,0.0034380256823056,-0.0112861512176381,0.0113313136220148,0.00732639781883921
-0.00603328898273816,0.00791511249140299,-0.0275509061067391,0.0164091085947469,0.00109579923390324,0.00168847252055121
0.0237477812958434,0.00427745526799551,0.0172305273687869,-0.011698642409984,0.00902791459621044,0.00646264641501007
-0.00712107553345689,-0.00468976064814818,0.011292484610279,0.0359847520840554,-0.0014384424834258,-0.00163044580623824
0.000246301600594721,-0.00697716568149312,0.00487939384854744,0.0267367928124676,0.0019779675534403,0.00184353340864641
-0.0183105455616971,0.00974289013386387,0.0169017187333646,0.0229245270420655,0.000160365551766041,-0.00291994262311697
0.0144827460815047,0.0067496646177169,-0.00142331494825557,0.0121845302912213,0.0086758150294633,0.00470578579780211
-0.0102589705241824,-0.00788854274164271,-0.0133799389999554,0.0262253224419603,-0.00674429552113954,-0.00381551980093055
-0.0226350305077127,-0.0265338927126833,-0.0205052146471693,0.0521574758208012,-0.0178833375430496,-0.0105181028896227
-0.0475003883405354,-0.0413555218821406,-0.0450090033069894,-0.0298626318932909,-0.0371018887503688,-0.0335136265448281
-0.0338721720805466,-0.0181905291374412,-0.0196791399976129,0.00164171967986872,-0.027726076361501,-0.0302799956724995
0.015863663532227,0.00347231568008107,0.00218525685449494,-0.00819506231929811,0.00169201207775181,-0.00377854049036448
-0.0653682027095357,-0.0481361891283703,-0.0377788900270622,-0.0526750464780004,-0.0461318272361656,-0.0441632426382664
-0.000584981014257777,-0.000291911577613054,0.0143346561264822,0.0198429781979291,0.000103852218331639,-0.0082383404227318
0.093100722452486,0.0372660655607167,0.0206265962455105,-0.00876628180457572,0.0449145770224693,0.0460392287423204
-0.0317592722031964,-0.0230097812776577,-0.0537059809233763,-0.0250215697795174,-0.0299458209948843,-0.0281078960343269
0.0463845694349628,0.0350132616462803,0.0315777934885029,-0.00486727865337887,0.0384611405455192,0.042202590777126
-0.032437009511449,-0.0262167940326541,-0.0343658592606868,-0.00155624722098711,-0.0309932596408939,-0.0339220771188059
-0.0132801168941643,-0.0119229235792764,-0.0220338178110256,-0.0492095079046982,-0.0186494308474606,-0.0170538519303218
-0.079092094246272,-0.0528538800356805,-0.0640013046330843,-0.0360655963450681,-0.0728740233911647,-0.0759696972824869
0.0720215769460911,0.0506550345493058,0.0512684483775811,0.000728838678328563,0.0495014030608392,0.0493963059556748
-0.0347305114562347,-0.037508834363458,-0.0446152809403975,-0.0599659640681224,-0.0470024501902508,-0.0488684449115334
-0.0987546628545813,-0.0792208084027944,-0.0926339493469822,-0.163739665192674,-0.0943467430911042,-0.095112680886336
0.119808260400568,0.0646483177183273,0.102349957258044,0.107473745908779,0.0934599817024489,0.0928712497328204
-0.128646947512322,-0.0536974655462185,-0.14252997499724,-0.151143330977598,-0.123213312890604,-0.119840552486957
0.0439700741019753,0.0702660748385958,0.0233545861021363,0.0758869554570646,0.0623049233509256,0.0599548494904793
-0.0244799493791032,0.0122577409597991,-0.0164635994708018,0.0363358473282443,-0.0470279887210001,-0.0518307624409456
-0.00766205862082939,0.0278306306010929,0.0419841977824621,0.0615792593276151,0.0229962685250904,0.00470780807248862
-0.0634855625459596,-0.0185227982964644,-0.0222034146736951,0.0130447131014354,-0.0379074222011671,-0.0433595124240857
-0.0212441455026323,0.0307352247425628,-0.0108861954420943,0.0334246849315069,-0.00274003098256845,-0.029293868023585
0.100325392883637,0.0195866266885699,0.0869681936407213,0.0349946968453154,0.0812150923065498,0.0938277398744607
-0.00550874910063601,-0.0279676360348555,-0.0296309424681562,-0.119364751040862,-0.00452422378149745,0.0115350116658845
0.052623003378576,0.0369331572433119,0.0456436123199202,0.0165794061495228,0.0559620065426096,0.0624141629843609
-0.0414022590713162,-0.0283253886663977,-0.0401004234137486,-0.0329042050671186,-0.0378529837004664,-0.0336873523173376
0.0285379506169703,0.0336034818201588,0.0584221213658705,-0.0106508878890795,0.0362245078546099,0.0335160092277164
-0.00204075196484835,-0.00724559197282725,0.00512206095430064,0.0146531403903451,-0.00952513199944215,-0.0160127217441406
-0.0526170451883141,-0.0215518231464019,-0.0431654488639308,-0.00972596522251696,-0.0440929358941952,-0.0441424303721155
0.0166866793958461,0.00583425343915626,-0.00883461119669391,0.0312501209077453,0.0172173904307872,0.0228293470957297
-0.0143714045440381,-0.00637888206911026,-0.0253493201169566,-0.015007243001025,-0.0152564779740478,-0.0151371251270087
0.0872374617913516,0.0477291927592154,0.0737450416150947,0.0278347779714393,0.0732611270033191,0.0703313189449979
-0.0115823065493199,0.00701345633411134,0.0198127389946348,0.0242302722787758,-0.00328316432102897,-0.00160305296019324
0.0255946351800371,0.015609477219441,0.0322809745628031,0.00946284441970508,0.0258188701832595,0.0340564527458977
0.00721608577543997,-0.000117469407733742,0.00522149991520248,0.0317065894678797,0.00774699684326905,0.0144874101956189
0.0196276284824846,0.0617351555653373,-0.00228328669121188,0.00106897386793029,0.00476353253766366,-0.0101046606278839
0.0505031582799634,0.0527693890486666,0.019337520083315,0.0242925793991611,0.0394657885067334,0.0305725892233908
-0.00912731618020468,0.0106686155574051,-0.00673512383381177,0.0138129531877236,-0.0143922363332156,-0.0220304388172435
0.0079457584065184,0.0435545708077857,-0.00406849181178451,0.0197942406275454,0.0165825907669999,0.00581668967636748
-0.0135687186358964,-0.0137821109684637,0.0169645673758865,0.0219310069035042,0.0138038351805422,0.0267935949302973
-0.0207567052654895,0.00783583452631578,-0.00557911164976814,0.000739985181549543,-0.0103361544019318,-0.0178810482108629
-0.0309103248015116,-0.0273603415228226,-0.0417414822222429,-0.0256347300961302,-0.0347517073545655,-0.0306747955126108
0.0288035626754639,0.0151924605357465,0.0672130901543368,-0.0012648368647821,0.0280942683216839,0.0229302477004397
-0.00387543632378319,0.0152147718637048,0.0156353193747823,-0.010385005065856,-7.4144182917595e-05,-0.000539422203390855
0.0288695778642332,0.00448853704804778,0.0266839619001792,0.146403916048119,0.0164536367756555,0.0139180571584871
0.00070683111283867,-0.0141978621917244,-0.0135213705758426,-0.0158517299430289,0.0110765427834898,0.014714069723394
-0.0162094282780197,-0.0260605732323233,-0.0244799786666667,0.00657887901184759,-0.0140237618568609,-0.00524238038994457
0.0328452307923855,0.025336151310145,0.0616696613269989,0.0182556010424972,0.0356632323822825,0.0265839162127684
0.0210960822536649,0.0426895999363152,0.0541737725508649,-0.0157148959716688,-0.00282231907825048,-0.009212446260729
-0.0160993199223685,-0.0759741151980598,-0.0119193147211411,-0.0123679556472239,-0.0320150757060752,-0.0280590341769637
0.0141488078555699,0.0131012364127714,0.014782176995458,0.00182153924506099,0.0122905727056333,0.00424982748700619
0.0150088413834242,0.00078154871472476,0.00881814305802746,0.00704547727272727,0.011297604493848,0.00904055632608174
0.0103172739658189,0.0144360860698213,0.00676096949182984,-0.0180546825083574,0.00513893900852117,-0.00697941020616964
0.0103449022340431,0.00695375965672125,0.0133831917619649,0.00689503594093469,0.0141478422545246,0.0115046306013022
0.0210377696987627,0.00506840208382334,0.00515957126667547,0.0513581362392573,0.015775670185619,0.0168715388417358
0.0157353494891131,0.0123507178396768,0.00390858006380272,-0.035388644477016,0.007786102073269,0.00013307802357817
-0.0114282210360758,-0.0216064960564549,-0.0144478239100045,-0.031285145172181,-0.02064654290647,-0.0205003174570655
-0.0120741528907338,0.00465430799468002,-0.0237981906578337,-0.036477694319756,-0.0154822673596974,-0.0174627245400405
0.00614339687679889,0.00883905566465345,0.00833735714273943,0.0137448754823998,0.00908814856410022,0.0115248226950355
-0.00591204998612005,0.00876150873490268,0.0196799334624045,-0.00951479520659368,0.00792062421032078,0.00392636319018407
0.0235611458467036,0.00683879059568717,0.0109540826310203,0.046109559224533,0.0244349717021174,0.0315011916553963
-0.00577843550364326,0.00950848957033257,0.0173085180608048,-0.0018365702057721,-0.00538509843494276,-0.0104843992953838
0.0194481563799881,0.0198461871009613,0.060355937376523,0.0522079116835327,0.0207597818333033,0.0166511002560486
-0.00745545190155863,-0.0204968703048574,0.00617470971789922,-0.0214207650273223,-0.00969523467414995,-0.00777359618800085
0.00643840286726457,-0.00402989571441957,0.0152124336194841,-0.00580750502568685,0.00427684165012267,0.00235371118851996
-0.00677350776638932,-0.00616352742898001,-0.0115363626659339,0.0105594702565476,0.00167620059021221,0.0122891842535553
0.00435693476373186,-0.00473611748541839,-0.0131782861306411,0.0197865495775901,0.00772365395125142,0.0148272971195828
0.000440149655912726,-0.00385406320652878,-0.0160600157810073,-0.0183126230283982,-0.00460778342286729,-0.00210791476209056
-0.000974064414768303,0.0171879627319061,-0.00164113806667263,0.0275372202428876,0.0129021249868878,0.00481233611452062
0.0122979302724045,0.0117385656663765,0.0302990275942782,0.0190188459044737,0.00655221696750227,0.00375123452561576
0.00462944838578343,0.000554371025309031,0.0034927212540603,0.00509007401526733,0.00589717172229496,0.00821083281710641
0.0055050412012748,0.00242273337075994,-0.0110003308224462,0.00717453064305812,0.00775679915943643,0.0136489791912119
-0.00861216792091755,-0.00718197413808654,-0.0168144374901904,-0.0148753404567357,-0.00692979537339007,-0.00336870206120072
0.0284809871312737,0.00910343050795087,0.0197976540659489,0.0248830072309655,0.0206192215597299,0.0262116508205242
0.00591249472096531,0.0165364716069271,0.00272994751952248,0.0118281596146122,0.0112766475431646,0.0120415794393826
0.0315780011174473,0.0304271872319977,0.0314174770462613,-0.0424528114213623,0.00292198795939444,-0.00779917084092925
0.0257275043048346,0.0179132448818017,-0.00812838654316322,0.00021422146528639,0.00669090634183105,-0.00531309105235446
-0.048010441537359,-0.0338023349473321,-0.0519579403025885,-0.0591006839593001,-0.0526547636148451,-0.0589440592911328
0.00863351017882724,-0.00505869567830975,0.0184913297216919,0.0120619483855701,0.0101213345637233,0.013060843982558
0.0123671905206797,0.0108682492800194,0.0171493479993932,0.0175398916676435,0.0143093842878351,0.00831221694256068
0.0265022193417237,0.0165547557899635,0.0135483612903225,-0.0141436243093923,0.0174635250791581,0.0189623980810311
-0.00139170647779058,0.0098307095647432,-0.000509208584999959,0.00515577213280059,0.00148144183651071,-0.00360029955644405
0.00039823658691359,0.00492241520134507,0.00174076763784128,0.00914362176628003,0.00328131099993667,0.000594219992979611
-0.00571464456095365,0.00792395954697439,0.0120793039579614,-0.000883999999999925,0.000308789763725802,-0.00564949491960567
0.0261637767356742,0.01450837860603,0.00180077897987956,-0.00818400814386216,0.0110958193448087,0.00649509547765497
0.0213447880440803,0.0186415616114458,0.0126243791797326,-0.00223010704727936,0.00744690433505582,0.00430741968501026
-0.0176520448530815,-0.0108558466201882,-0.0339332927275988,-0.019892801971712,-0.0219318998747424,-0.0258551459595404
0.0132755653310621,0.00738011144062711,0.00709336369381481,-0.018928119449401,0.0108818477076067,0.010959447386074
-0.0307257760193595,-0.0224026745466065,-0.0831635759595427,-0.0385866806136682,-0.0259339396026755,-0.0242269050632121
0.0230466756435067,-0.00463826083595694,0.0211032809968226,0.0539168023714508,0.0119840146344589,0.0146856782972705
0.00834758140306267,0.0292645775688356,0.0291425309515163,-0.00321172287221847,0.0186972177543777,0.0154098757890302
-0.00189145839555233,0.0434533170142215,0.0461531495879154,0.0315304710810018,0.00953002767431631,0.00502213270504915
0,0.00402963080468677,-0.0173858343415808,0.0153948683623383,0.00521929411614775,0.00454125105559497
0.0267502250089358,0.0576895087614483,0.0293890885904301,0.0191167444129529,0.0221423102709101,0.0158817258862377
-0.0031028593692046,-0.0186192922807185,0.00241385884140947,-0.0297542253179339,-0.00860300466626963,-0.0108185322335732
0.0232901121759091,0.0269955824572073,0.0112928713306781,0.0191111333333333,0.0143669699752388,0.00782746190140675
0.00430031732228881,0.0329490905791898,0.0037769849431235,-0.0150458566278705,0.00526566595187038,-0.00564360597770712
0.0017492597739117,0.00545778731381312,0.00233131697341515,0.0239097198985929,0.00660713706714708,0.0104662011983173
-0.00461318816958277,-0.03,-0.0247684613645929,-0.0382702702702703,-0.0213422987860362,-0.00936254101513981
0.0165484222298612,-0.00644329896907216,0.00305437656903766,0.0245053956834533,0.00940638441814105,0.0134063708358798
0.00687731478111489,-0.0243611812581064,0.002294260247683,0.0340135834979153,0.00590262509697167,0.00908205072004521
-0.0123049273431554,-0.00298125696729761,0.00270515233354896,-0.00827671919093214,-0.00726602786218928,-0.00340610148239609
-0.0020202543657722,-0.0126437322041021,0.00456566650877713,-0.0143376631714102,0.00280321064800071,0.00284861216092153
0.0210739303010452,0.079295239080599,0.014006524042501,0.00434209717016731,0.0251256430851934,0.00840693892764313
-0.0138016727509682,-0.0183149758474875,-0.0149539484553333,-0.00907907518716278,-0.00805505417495246,0.00167903736107703
0.00280926804123708,-0.0122296303155681,-0.00777664943123066,0.00196335078534023,0.00241279602473098,0.00574708215957786
-0.045516441394191,-0.0365687604537071,-0.0303080383188401,-0.00805571521881123,-0.0228569953544623,-0.0123198599989019
-0.0024772793098467,0.00748685360470921,-0.00812553289444033,-0.0184372252318431,-0.00939071700901741,-0.00619039996314669
0.0237002650477841,0.0153876488010984,0.0120930731886286,0.00424863586206076,0.0167023875114728,0.00739513870228579
-0.0164275501830512,-0.0179627206314938,-0.0144753961456103,-0.000222623023825339,-0.0127350279532252,-0.00647339224416128
0.0191683757718372,0.0110654328480188,0.0137754131273991,-0.00757240500791071,0.0135406046392922,0.0124283816797189
0.0121001787447372,0.0060490101711797,0.00518670768702878,0.0195242141040347,0.00425584686719119,-0.00375025172207098
0.104688634895756,0.0369608416203843,0.0817483923240938,0.0259740479859123,0.0148718164941458,0.00767050484022789
0.0251976091624768,-0.016681004125001,-0.00674100608460604,-0.0523493445108486,0.0146604302056386,0.00718102336808809
0.00667815031554794,0.00865717808994469,-0.00845374242270117,0.00316964017068781,0.00351929024528196,0.00361193058162375
0.00362466599530689,0.021090645034911,-0.00284196051041147,0.0214397873744125,0.00523074492106404,0.00642974312362658
0.0348892311186826,0.00623082180800372,0.064868353903106,0.00353513051414621,0.00997144294635281,0.00642769538503149
-0.0244945729723078,-0.0178418725581395,0.0119119534526235,-0.0378687158903001,-0.00874047798260458,0.000633029492680712
0.0145347999225614,-0.006093225877402,-0.0202652434788761,0.0089244620383419,-0.00387069227122797,0.00274221847189004
-0.0297398680025738,-0.0214379167153311,-0.0261216539923955,0.0299387616239509,-0.0169159321033948,-0.00796913236276614
0.033234304,0.0264780291512191,0.0146800840456003,0.0022021140717905,0.0212764299450865,0.0139965497169192
0.0176975485762756,-0.000385792983409872,0.00542526806964854,0.00703150986734821,0.0027478301741523,-0.0020471743456674
-0.000891235529236872,-0.00411259654091023,-0.000229613481650858,-0.0100371586280969,-0.00210099117047765,-0.000171882627381667
-0.00261082172520652,0.0109242926606293,-0.000306178238637823,-0.0105796784346413,0.0100215681535311,0.00270984233939713
0.00833280559008446,0.0408747086632377,0.00451827225427662,-0.00267317894126039,0.00728763155818702,0.0023033891356964
0.00125470632774476,-0.0157011825415358,0.000952961819821023,-0.00201027473754754,-0.00574264585845952,-0.0044043952328094
0.0221896166330518,0.0113143271010055,0.0244488141124768,-0.0145479185317816,0.0106303018549908,0.0031586327364043
0.0515324531552322,-0.00383643496214773,-0.0074346675798421,-0.0295253016017557,0.00415888301226538,0.00344110694270259
0.0119602393191227,0.00692296153120081,0.0164038981160294,0.0526562134331851,0.00600434264845966,0.0100437182481388
-0.00820373053975704,0.0118006051351259,0.0347470116024717,-0.0106714095153401,0.00762321059579115,0.00359635118547765
0.0135990550033821,0.0284955605081609,0.0822234756229461,0.0215730112359551,0.0173191791133745,0.0101956260583665
-0.011954371846544,-0.0121591867188865,-0.0351748967105406,-0.00703915545620668,-0.00340501698783861,0.00167304419528413
-0.00161986238509142,0.000529426176470572,0.00150058999556442,-0.00487374844647213,0.0060462782114948,0.00673256537289013
0.0339121438876957,0.0144511468316462,-0.00156641011283239,-0.018922485259238,0.00682563306111769,-0.00219496266488705
0.0398326122041869,0.0139555823725188,0.00763980187013082,-0.0122532561833448,0.0139450995157605,0.00752500280147331
-0.0207184315473917,0.00923941817342309,0.0238965541301344,0.0190673562845706,0.009780044906002,0.0153659102847912
-0.0800608636253057,-0.0462840910300076,-0.0376198512396694,-0.0414788313462841,-0.0496283147977201,-0.0351258436313619
0.000661829930389502,-0.0217873761876485,-0.0288196762300715,0.0131703198494825,-0.0126521614357525,-0.00813302736281028
-0.0672949658341185,-0.0439443771538168,-0.0409224579982773,-0.00835656878567454,-0.0411415282785187,-0.0277563420881765
0.0398865449388406,0.0377066821431603,0.0094409092869021,-0.0107678602348347,0.0270904799409914,0.0201449863220447
-0.0326457722468462,-0.028605430730255,-0.0205684823156202,0.00473263155383965,-0.0199226799987391,-0.0175847967277658
-0.013128892644795,-0.0185474311174809,-0.00552057526234582,-0.0249646025662884,-0.00604784977672826,0.000533072401226396
0.0300000089285714,-0.00425194630780447,-0.0017253329803083,-0.00676335716119049,0.0187128257251314,0.0127418289806592
0.00156033285748677,0.0171319453610014,0.0235582158232173,0.000729644959378542,0.0120895494813517,0.0052193595454598
-0.0295136227322692,-0.0247232490083172,-0.0326702282331951,-0.00170109347746812,-0.0124974604915941,-0.00461894661482077
-0.0159636230080342,-0.0225366673569431,-0.0330145050210973,-0.00852000932229759,-0.0126862891318972,-0.0084123657385264
-0.0317201389059322,-0.0178879687967213,-0.00898676688286882,-0.0139945985759882,-0.0107238308340752,-0.011182581788012
0.0303257779979699,0.00188163401443147,-0.0173444937922009,-0.0199202938247012,-0.0013416188252077,-0.0115710978968215
0.0157158064005122,0.0569234008960667,0.0265968412636754,-0.00381102632593921,0.0171484623839342,0.0105179449261645
-0.0419461146936072,-0.0412688705980808,-0.022492624141315,-0.0219332063742211,-0.0301587269023674,-0.0237214549495082
0.0102688383979974,0.00664362046533259,0.00204800815921601,0.0122555938594834,0.00369409696948652,0.00298745913801444
0.0375161519357222,0.0249487027333029,0.0211998878740027,0.00850082431736219,0.0226090653257134,0.0159767237606376
0.0238688993932035,0.0254981758385872,0.00784867728223542,0.0183907270298479,0.0186896586481912,0.0161105902840456
-0.00756787584871149,-0.00919020354111621,0.0193520826436237,0.00401304248841332,-0.00290354711948895,-0.00481266455673672
0.0150758353957694,0.00122424294193624,0.0004201268047628,0.0109918064199803,0.0074206505040481,0.00825371813848059
0.00846216230830097,0.023034693498869,0.0180603707841245,-0.00247101550602886,0.0142377310010583,0.00529290782039844
-0.0322801949457985,-0.0298827197125264,-0.0250909607866526,-0.00520185794406394,-0.0222036832347882,-0.00957765219199448
0.030791037801921,0.02374398432,0.0181195351379585,-0.0234063496015935,0.0232478780086407,0.0179727087408005
-0.0286694935622318,-0.0310202524131009,-0.0226336298348829,0.0137684086239569,-0.01569739936473,-0.0139735157045694
0.0169671079191548,0.0308810375631816,-0.00208771743465989,0.00804839074690087,0.0188263144676715,0.0173967546584784
-0.000955865468267866,-0.00160838256992847,0.0218503607207958,-0.00573862246813264,0.00496109514983259,0.00801012372569695
0.0173958422423602,0.030120152175679,0.00261602204215868,0.00777922247323569,0.0139182412080527,0.00879353327959443
0.0635205688337132,0.047549947411466,0.0427301474276355,-0.00199198207171305,0.0255890207545738,0.0164158129257067
-0.0265273629175665,0.000203300971505236,0.00141437896645514,0.0122254983919412,-0.0010406790726642,-0.00630691897587038
0.000743220491217576,-0.0232080463683211,-0.0156442665507932,0.0266207049543998,-0.00802180723568746,-0.00662314181956178
-0.00396074752107035,-0.00745012479986526,-0.0187624378951618,-0.016566697883952,-0.00466153525603354,-0.00152775531052379
-0.0140005137436874,-0.0197504808636866,-0.00296193760137246,-0.028808594453335,-0.00361200410943578,0.000134919642678308
-0.0255418759588778,-0.0200139947568058,-0.0170345546543899,-0.0284061595878873,-0.0165084782238746,-0.0163298618571443
0.0131919206796365,0.00305563063197282,0.0235654328285869,0.0015523155729721,0.00327648266933269,0.00472733398174803
-0.00544633638930585,-0.00996890556768889,0.0417476942872454,0.00723335074227188,-0.00276124091228055,-0.00219569975577475
-0.00958332310473199,-0.00268138148856854,-0.00218855514629163,-0.0100026668375138,0.00185632657057162,0.00521892520930606
-0.00613390064794813,0.00881501097590703,0.0239825043862811,-0.00829012996321924,0.0036737763881367,0.00344576154396208
8.69436710105737e-05,0.000823909961535091,-0.0269673224386183,-0.0164576023108046,-0.0163955011936001,-0.0185895163283435
0.0134723594922461,0.0247237446479539,0.0223017008932392,-0.00451532512534803,0.00637464202283876,-0.00302561889335776
-0.0463121877583566,-0.03759514293074,-0.0551378287400175,-0.0221450907150479,-0.0373078863465281,-0.0352878789504099
0.0370503876902083,0.0152492366075959,0.0491649171026118,0.0185538871184782,0.0164217955394884,0.0119473308571084
-0.0560180280957336,-0.0544564194616135,-0.0630986818369935,-0.0259844882944288,-0.0244958025299823,-0.0121295499853896
-0.000826786690916835,-0.0104309480830107,-0.00665121089950273,0.0563806090104343,0.00421758044959004,0.0123182025102478
0.015353544599252,0.0146214760266101,0.0150750046913264,0.00234313980734193,0.0185222830964195,0.0177992901354563
0.0408366073734768,0.0632296854964432,0.0832266038398765,0.0155843636363636,0.0385473096745679,0.0220470476142837
0.0354937112351556,0.0249417153719258,0.0254018646843577,-0.0337595669442234,0.0258955314422774,0.0194601942093231
-0.0028563975708342,-0.00319984437086095,-0.00430972251312633,0.0301746699358039,0.00036168584903333,-0.000287715254197614
0.000505501718670399,-0.0293141704401025,-0.0309124020188488,0.0557554499360458,0.000485275255073368,0.0261978958311514
